세부항목,,용어,설명
F,항공병기,F-2,"F-2는 일본 항공자위대가 운용중인 전투기로 F-16 전투기를 바탕으로 미국과 일본이 공동으로 개발했다. 공중전에 특화된 F-15J 전투기와 달리, F-2는 항공자위대의 유일한 다용도 전투기로 공대공 및 공대함 그리고 공대지 임무를 수행하고 있다. F-2 전투기는 F-16의 외형을 가지고 있지만, 그 안에는 일본의 최첨단 항공기술이 녹아 들어갔다. 이 때문에 F-2 전투기가 등장했을 당시, 제2차 세계대전"
E,해상병기,알레이버크급 구축함,"알레이버크급 구축함은 미 해군의 주력 수상전투함으로 이지스함의 대명사로 알려져 있다. 구축함은 대양에서 독자적으로 작전할 수 있는 함정으로, 어뢰로 적의 함정을 물리친다는 뜻에 이름이 붙여졌다. 순양함보다는 크기가 작지만 전투, 선단 호송, 해상 화력 지원 등 다양한 임무를 수행하며 대잠·대함·대공 공격 및 방어가 가능하다. 알레이버크급 구축함은 이지스 전투 체계를 탑재한"
F,항공병기,Ju 52 수송기,"Ju 52는 제2차 대전 관련 에피소드에서 약방의 감초처럼 등장하는 숨은 주인공이었다. 민간용으로 개발됐지만 구조가 튼튼해 군용으로 전용됐으며, 필요한 물자를 최전선까지 공급해 주는 조력자 역할을 했다. 지금도 현역으로 사용될 만큼 끈질긴 생명력을 자랑하고 있다."
I,우주무기,X-37B,X-37B는 미 공군이 운용중인 무인우주선으로 궤도시험기라는 정식명칭을 가지고 있다. 미 보잉사가 제작한 X-37은 재사용이 가능한 우주선으로 베일에 가려진 임무 때문에 언론의 주목을 받고 있다.
C,미사일,미니트맨,"미니트맨은 미 공군이 운용중인 대륙간탄도미사일로 미국의 핵 억제력에 중추적인 위치를 차지하고 있다. 3단식 고체추진제를 사용하는 탄도미사일로, 지난 2005년 피스키퍼가 퇴역한 이후 미군이 운용중인 유일한 대륙간탄도미사일이 되었다."
D,육상병기,M8 정찰장갑차,전차가 전쟁의 주역이 되자 미국은 대전차 공격 수단을 확보하기로 하고 구축장갑차 T22를 개발했다. 그러나 정찰용으로 용도가 바뀌면서 약간의 설계 변경을 거쳐 M8이라는 제식명을 받고 양산이 개시되었다. 한국전쟁 당시 국군의 유일한 기갑장비가 바로 이 M8이었다. 오늘날 국군의 기갑전력은 수적으로 자유 민주주의 진영에서 미국 다음일 정도로 엄청난 규모이며 질적으로도 제3세대 전
F,항공병기,PAK FA,"PAK FA는 러시아가 개발한 스텔스 전투기로 부활하는 러시아의 항공산업을 대표하는 항공기이다. 러시아 공군이 운용중인 Su-27과 MiG-31 전투기를 대체할 PAK FA는, 현재 시제기의 시험비행이 진행 중에 있으며 빠르면 2018년부터 러시아군에 인도될 예정이다. 이밖에 PAK FA 전투기는 인도의 차세대 전투기 개발계획인 FGFA(Fifth Generation Fighter Aircraft)와 밀접한 관계를 가지고 있다. 인도는 PAK FA 전투기"
F,항공병기,포케불프 Fw 190,"포케불프 Fw 190은 제2차 대전에서 Bf 109와 함께 독일의 주력 전투기로 활약했다. 원래 Bf 109의 단점을 보완하는 보조 전투기로 개발됐으나 인상적인 활약을 펼치며 또 다른 주력으로 자리 잡았다. 지명도는 떨어지지만 드러나지 않은 강자라 할 수 있었다. 제2차 대전 당시에 루프트바페(Luftwaffe), 즉 독일 공군은 상당히 인상적인 활약을 펼쳤다. 전쟁이 장기화되고 규모가 걷잡을 수 없이 커지면"
D,육상병기,천무,지난 4월 4일 강원도 고성 인근 동해상에서 육군 제8군단을 비롯한 전방 5개 군단 포병부대가 해군과 함께 대규모 해상 사격훈련을 실시했다. 이날 훈련의 피날레를 장식한 것은 육군의 차기 다연장 로켓포로 알려진 '천무'였다. 거대한 후폭풍과 함께 천무는 360여 발의 130mm 로켓포탄을 40여km 떨어진 가상의 표적을 향해 발사했다. 지난 2015년부터 야전부대에 실전 배치된 천무의 실사격 현장이
B,개인화기,드라이제 바늘 총,"초창기의 총은 사용이 불편했지만 19세기에 강선, 후장식 장전법, 탄피 등 혁명적인 기술이 등장했다. 드라이제 소총은 당시의 거의 모든 최신 기술을 접목시켜 만든, 역사를 바꾼 총이었다. 그러나 보오전쟁 뒤에 후발 주자들이 나타나면서 짧고 굵은 전성기를 마감했다."
A,무기 및 병기공학 일반,소링이글,"소링 이글(Soaring Eagle) 훈련은 우리 공군 단독으로 실시되는 공중종합훈련으로, 지난 2008년부터 연 2회 실시되고 있다. 한미 공군 연합훈련인 맥스썬더(Max Thunder) 훈련과 더불어, 실전적인 훈련 시나리오를 적용한 항공전역 훈련으로 발전하고 있다. 또한 다양한 도발상황에 대한 전술조치절차를 지속 개선하고, 조종사들의 공중전투 수행능력을 높이는데 크게 기여하고 있다."
F,항공병기,드 하빌랜드 뱀파이어,영국의 뱀파이어는 소리 소문 없이 제1세대 전투기 시대를 풍미한 숨은 강자였다. 규모가 큰 전쟁에서 활약하지 못해 동시대의 여타 경쟁 기종에 비해 그다지 많이 알려지지는 않았지만 무려 3천여 기 이상 생산되어 30여 개국 이상에서 주력기로 활약한 베스트셀러였다.
E,해상병기,순양전함,독일과 건함 경쟁을 벌이던 영국은 전함 수준의 화력을 지니면서도 속도가 빨라 운용상의 제약을 덜 받는 새로운 전투함의 도입을 고려했다. 그렇게 탄생한 거함이 순양전함이었다. 그러나 전함과 순양전함은 제1차 대전 중 문제점을 노출하면서 고속전함으로 대체되고 만다.
D,육상병기,5호 전차 판터,독일의 중형전차 판터는 독소전쟁에서 소련의 T-34를 보고 자극을 받아 개발한 전차였다. 초기에는 안정성에 심각한 문제를 드러냈지만 개량형이 개발되어 많은 전과를 올리면서 주력 전차의 위치를 차지하게 되었다. 패전까지 장소를 불문하고 종횡무진 활약한 걸작이었다.
F,항공병기,E-8 조인트 스타즈,"E-8 조인트 스타즈(Joint STARS)는 미 공군이 운용중인 지상작전 관제기로, 지난 1991년부터 10여대가 생산되었으며 이후 미국이 주도한 전쟁에 빠지지 않고 등장했다. 조인트 스타즈는 통합 감시 및 목표공격 레이더 체계의 약자로 알려져 있다."
D,육상병기,특수작전차량,"일당백의 전사들로 적진 깊숙이 잠입해, 적의 군사중요시설을 파괴하거나 적을 교란하는 부대를 특수부대라고 한다. 특수부대라 하면 흔히 공중 혹은 해상으로 침투하거나, 혹은 수백㎞의 거리를 행군하는 것을 상상하게 된다. 하지만 오늘날 특수부대는 이러한 방법 외에도 그들만..."
B,개인화기,데저트 이글 권총,대중적 인기를 얻은 무기라 해서 반드시 성능이 좋은 것은 아니다. 데저트 이글은 가장 강력한 자동권총이라는 명성을 얻었지만 실사용자들은 그다지 좋은 평가를 내리지 않았다. 강력함만 추구하다 보니 권총으로서 갖춰야 할 기본 조건을 충족시키지 못했던 것이다.
F,항공병기,F-20 타이거샤크,"F-20 타이거샤크는 과거 미 노스롭사가 개발한 전투기로 비록 시제기만 제작되고, 양산에 들어가지는 못했지만 이후 개발되는 경전투기에 새로운 방향을 제시했다."
G,폭탄 및 핵무기,핵가방,핵가방은 핵무기 통제체계가 담긴 가방이다. 특히 전략 핵무기를 보유한 국가의 최고 통수권자에게 주어지는 핵가방은 그 위험성 때문에 판도라의 상자에 비유되기도 한다. 핵가방은 특히 미 대통령이 새로 취임할 때마다 관심의 대상이 된다.
F,항공병기,J-11 전투기,"근래 들어 중국은 주변국에 근심이 될 만한 군사 행동을 수시로 벌이고 있다. 그동안 단지 선언적 의미로만 취급되던, 이른바 구단선(九段線)이라 부르는 남지나해 지역으로의 팽창을 노골화하고 있는 것이 대표적이다. 2017년 1월 9일에는 전투기와 폭격기, 조기경보기로 구성된..."
D,육상병기,마르다,"마르다는 과거 서독이 개발한 장갑차로 서방세계 최초의 보병전투차량으로 알려져 있다. 보병전투차량이란 보병이 승차한 채로 전투를 할 수 있게 만든 장갑차이다. 기존의 장갑차와 달리 20㎜급 이상의 기관포와 대전차 미사일을 탑재하고, 탑승실에는 총안이 장착되어 승차한 보..."
D,육상병기,M101 105mm 곡사포,제1차 대전에 참전할 당시의 미군은 매우 부실한 전력을 갖고 있었지만 프랑스의 지원으로 무기 수준이 크게 발전했다. 전후에 미국이 개발한 105mm 구경 M2(M101로 개칭)는 제2차 대전을 비롯한 많은 전쟁에 등장했으며 산악 지형인 한국에서 특히 신뢰를 받았다.
F,항공병기,F-15J 이글,"F-15J는 일본 항공자위대 가 운용중인 주력 전투기로, 일본 영공의 최전선에서 첨병역할을 맡고 있다. 일본 항공자위대의 제3차 차기 주력 전투기 도입계획에 따라, F-15J 전투기는 미국이 개발한 F-15C를 일본 국내에서 면허 생산 한 전투기이다. 지난 1980년 6월 4일 첫 비행을 한..."
G,폭탄 및 핵무기,벙커버스터,"벙커버스터는 대형 관통 폭탄으로, 지하에 위치한 적의 핵심시설을 파괴하는데 사용된다. 특히 지난 1991년 걸프전쟁 당시 미군이 개발한 GBU-28 벙커버스터는 레이저 유도장치를 장착해, 높은 정확도로 지하 깊숙이 위치한 이라크 군의 주요시설물을 파괴했다."
F,항공병기,투폴레프 Tu-16 전략폭격기,폭격기 분야에서 미국을 따라가기 급급했던 소련의 기술은 핵폭탄을 미국 본토에 투하하기가 어려운 수준이었다. 이에 따라 소련은 제트 엔진을 장착한 신형 폭격기 Tu-16을 자체 기술로 개발했다. 그러나 장거리 미사일이 등장한 뒤로는 정찰기 등으로 임무가 바뀌기도 했다.
E,해상병기,전차상륙함,"전차상륙함은 전차와 장갑차 그리고 군용차량 및 병력 등을 수송하여, 상륙작전 을 위해 사용되는 특별한 군용함정을 뜻한다. 제2차 세계대전  당시 등장한 전차상륙함은 모든 전선 에서 맹활약했으며, 1,000여 척이 미국에서 건조되어 미군과 연합군을 위해 사용되었다. 이후 벌..."
D,육상병기,K151/K351 소형전술차량,"지프는 자주국방의 기치 아래 가장 먼저 국산화된 기동장비였다. 한국형 험비가 개발 단계에서 IMF로 무산되면서 현장의 불만이 이어지자, 한국형 소형전술차량(KLTV)에 대한 소요가 제기되었고 마침내 ‘단축형’ K151 시리즈와 ‘장축형’ K351 시리즈가 탄생했다."
F,항공병기,Su-30,"Su-30 전투기는 러시아가 개발한 다용도 전투기 로, 공대공과 공대지 능력을 겸비한 미국의 F-15E  스트라이크 이글(Strike Eagle)의 적수 로 알려져 있다. F-15E 전투기와 마찬가지로 Su-27  제공 전투기 를 기반으로 개발되었으며, 러시아를 포함해 10여 개 국가에서 사용되고 있..."
B,개인화기,MP18 기관단총,제1차 대전의 참호전이 시작되자 진지 방어에 쓰인 기관총을 피할 방법이 없었다. 새로운 공격 수단을 찾으려는 노력 끝에 휴대가 편리하고 연사가 가능한 기관단총이 개발되었다. 독일의 MP18은 최초의 기관단총이라 할 수 있으며 수많은 후속작들의 기술적 기반이 되었다.
F,항공병기,A-4 스카이호크 공격기,항공모함에 탑재된 함재기 중 전투력을 결정하는 것은 공격기다. 한국전쟁에서 모든 전투기를 압도하는 소련의 MiG-15가 등장하자 새로운 공격기의 필요성이 절실해졌다. 이에 필요한 성능만 갖추도록 단순화함으로써 크기를 줄이고 안정성도 높인 A-4 공격기가 등장했다.
D,육상병기,M1897 75mm 포,포의 양을 늘리는 데는 한계가 있으므로 연사력과 정확도를 높여 질적인 우세를 점하기 위한 경쟁이 벌어졌다. 프랑스가 1987년에 개발한 야포 M1897은 경이로운 연사력을 보였고 명중률도 대폭 향상되어 널리 쓰였으며 현대 야포의 기본 틀을 완성했다고 할 수 있다.
C,미사일,신궁,신궁은 우리나라가 개발한 휴대용 대공 미사일이다. 2인 1조로 운용되며 작고 가벼워 개별적인 휴대가 가능한 점이 특징이다. “새로운 활”이란 뜻을 가진 신궁은 저고도로 침투하는 적 항공기를 요격하는데 주로 사용된다. 이밖에 최근에는 30㎜ 자주대공포인 비호에도 장착되고...
E,해상병기,볼티모어급 순양함,일본이 군축 조약을 파기하자 미국도 공격력과 방어력이 강화된 중순양함 볼티모어를 개발했다. 해전이 항공모함 중심으로 이뤄지면서 주로 조연의 역할을 담당했고 이후 미사일을 기반으로 한 시대에는 구닥다리 취급을 받기도 했지만 무관심 속에서도 제 역할을 묵묵히 수행했...
E,해상병기,시울프급 잠수함,"시울프급(Seawolf-class) 잠수함은 미 해군이 운용중인 공격원잠으로, 세계에서 가장 빠르며 소음이 적은 원자력 추진 잠수함으로 알려져 있다. 냉전시절 개발된 시울프급 잠수함은 소련의 최신예 전략원잠과 공격원잠을 공격하기 위해 특별히 개발되었다. 하지만 막대한 건조비용..."
F,항공병기,J-20,"J-20 전투기는 중국이 최초로 개발한 스텔스 전투기로, 지난 11월 1일 중국 주하이 에어쇼에서 공식적인 최초의 시범비행을 선보였다. 지난 2010년 실체가 드러난 J-20 전투기는 8대의 시제기가 제작되었으며, 올해부터 양산형 기체가 생산되기 시작했다. F-22 전투기의 적수로..."
F,항공병기,B-58 허슬러 전략폭격기,사상 최초의 초음속 전략폭격기라는 타이틀을 가지고 있는 B-58 허슬러(Hustler)
B,개인화기,마드센 경기관총,기관총은 살상력이 입증되었지만 무게 때문에 개인용 화기로 개발되진 못하고 있었다. 그러나 덴마크의 마드센이 자동화된 개인 화기의 개발에 착수해 마드센 경기관총을 탄생시켰다. 여러 단점에도 제1차 대전 때 독보적으로 활용되었고 1세기 이상 활약한 기록을 갖게 되었다.
G,폭탄 및 핵무기,기뢰,"기뢰는 수중에 부설해 진동이나 수압 혹은 자기장이나 음향 등에 의해 폭발하며, 수상함이나 잠수함을 격침시키는데 주로 사용된다. 수중에 부설 되는 기뢰의 특성 때문에 ""바다의 지뢰""로 불리기도 한다."
F,항공병기,MiG-31 폭스하운드 전투기,"MiG-31은 국토가 넓은 소련의 영공 방위에 최적화된 요격기다. 고속비행과 상승 능력을 중시하지만, 항속거리를 비롯해 선회력 등의 여타 비행 성능, 원거리 공대공 전투능력이 대폭 향상되어 지상의 관제에 의존하지 않고 능동적으로 공중전을 벌이는 것이 가능하다."
E,해상병기,델타급 전략핵잠,"델타급 전략핵잠수함은 러시아 전략핵전력  중 하나로, 과거 소련시절 40여 척이 건조되었다. 소련 해체 이후 경제난으로 인해 운용대수가 급감했지만, 여전히 러시아 해군의 주력 전략핵잠수함의 위치를 고수하고 있다. 또한 지속적인 개량을 통해 최신형 잠수함발사탄도미사일..."
D,육상병기,르노 FT 전차,초창기의 전차들은 캐터필러를 제외하곤 공통점을 찾기 어려울 정도로 다양했다. 그러나 차체 위에 360도로 회전하는 포탑은 프랑스의 경전차 르노 FT에서 처음 선보였다. 이후 많은 나라의 전차 개발에 영향을 미치면서 현대 전차의 모티브를 제시했다는 평가를 받게 된다.
D,육상병기,M2 브래들리,"M2 브래들리(Bradley) 장갑차는 보병전투차량으로, 보병전투지원이라는 새로운 개념이 도입된 장갑차이다. 미 육군 기갑 여단전투팀의 주력 장갑차로 걸프전과 이라크 전에서 맹활약한바 있으며, 한반도 방어의 핵심인 주한미군의 핵심 기갑장비이기도 하다."
F,항공병기,소드피쉬 뇌격기,시대에 뒤처진 무기들이 예상을 뛰어넘는 전과를 올리며 승리의 주역이 될 때가 있다. 영국의 뇌격기 소드피쉬가 그 경우에 해당되는 대표적 무기였다. 단엽기가 대세인 시대에 구식 취급을 받은 복엽기였지만 소드피쉬는 기대 이상의 역할을 해내며 항공전사의 한 장을 장식했다.
C,미사일,AGM-86,"AGM-86은 미 공군의 B-52  전략폭격기에서만 유일하게 운용되는 공중발사순항미사일이다. 다양한 형식이 있지만 이 가운데 가장 눈에 띄는 것은 핵탄두를 탑재한 AGM-86B이다. 사거리가 2,400㎞ 인 AGM-86B 순항미사일은 히로시마에 떨어진 원자폭탄의, 10배 이상의 위력을..."
C,미사일,R-7 세묘르카,"소련이 로켓을 개발해 인공위성을 쏘아 올린 것은, 미국에 핵폭탄을 투하할 미사일을 보유했다는 뜻이기도 했다. 제2차 대전 말기에 등장한 독일의 로켓 V-2를 바탕으로 개발한 R-7은 무기로서의 생애는 짧았지만 우주 시대를 이끌면서 인류사에 엄청난 영향을 끼쳤다."
B,개인화기,K31 소총,K31은 영세중립국인 스위스의 자주국방 의지를 상징하는 무기라 할 수 있다. 19세기에 개발된 슈미트-루빈 소총을 개량하면서 탄생한 이 소총은 당대 최고의 정확도를 가진 것으로 인정받았다. 이는 정확도로 수적 열세를 만회하려 한 스위스의 군사 전략과 연관이 깊다.
E,해상병기,아크로열 R09,"무적함대와 일전을 벌인 영국 기함의 이름 아크로열은 이후 4척의 항공모함에 승계되었다. 양차 대전에서 항공모함을 제대로 활용 못한 영국은 초대형 항공모함을 제작해 아크로열(R09)의 이름을 승계시켰고, 이는 저물어가던 나라 영국의 해군에 자부심을 안겨 주었다."
C,미사일,SM-3,"지난 8월 29일 국회 국방위원회, 북한의 잠수함발사탄도미사일  이후 진행된 현안보고에서 한민구  국방부 장관은 SM-3 미사일 도입을 검토 중이라고 밝혔다. SM-3 미사일은 이지스(Aegis)함 에 실려 발사되는 탄도탄을 요격할 수 있는 미사일이다. 미 해군과 일본 해상자위..."
G,폭탄 및 핵무기,B61 핵폭탄,"1968년부터 3천여 발이 생산된 B61은 오늘날 미국을 대표하는 핵폭탄으로 알려져 있다. 전술 및 전략 목적으로 사용될 수 있는 B61 핵폭탄은, 전략폭격기 인 B-2  뿐만 아니라 F-15 나 F-16 과 같은 전투기에도 장착이 가능하다. 또한 최근에는 B61 핵폭탄의 명중률을 향상시키기 위..."
F,항공병기,E-4 나이트워치,"E-4는 전면 핵전쟁을 지휘하는 작전기다. 민항기를 기반으로 제작되었으나 핵전쟁을 대비한 각종 장비가 탑재되어 있고, 전쟁지휘부가 예하 부대에 지시를 내릴 수 있는 지휘 시설과 통신 채널을 갖추고 있다. 핵전쟁의 위험이 감소되면서 의전용 등으로도 사용 중이다."
F,항공병기,F4U 코르세어 전투기,"항공모함용 전투기 F4U는 전쟁 전에 개발이 시작되었고, 진주만 공습으로 다급해진 미군이 서둘러 배치했다. 항공모함에 탑재되기 전까지는 어느 정도 시간이 필요했지만 막상 전장에 투입되자 엄청난 전투 능력을 보여주었고 일본은 더 이상 태평양을 넘볼 수 없었다."
I,우주무기,정찰위성,"1957년 10월 4일, 러시아어로 동반자를 뜻하는 스푸트니크(Sputnik) 1호 인공위성 이 로켓에 실려 우주를 향해 날라갔다. 무게 80여㎏의 금속구 형태를 가진, 스푸트니크 1호는 세계최초의 인공위성이었다. 비록 하루살이  위성이었지만 인류의 우주시대를 열게 된다. 이후 우주공..."
B,개인화기,나강 M1895 권총,크림전쟁 패배로 무기 근대화에 나선 러시아는 거친 환경에서 잔 고장이 많은 자동권총보다 리볼버가 낫다고 판단해 리볼버의 약점을 보완한 나강 권총을 개발했다. 그 당시는 혁명의 혼란기여서 나강 권총은 살상 수단으로서의 비극적인 이미지가 강하게 남게 됐다.
C,미사일,동펑 탄도미사일,"2015년 9월 3일 중국 베이징  텐안먼광창 , 파란 가을 하늘아래 중국의 항일 반파시스트 전쟁 승리 70돌을 기념하는 성대한 열병식 이 거행되었다. 중국의 최신무기들이 등장한 열병식에서, 세계인의 이목을 집중시킨 것은 중국의 전략무기인 동펑(东风)  탄도미사일 이었다. 이날..."
D,육상병기,M41 워커 불독,"경전차의 빈약한 화력을 보강한 M24는 막상 실전에서 무력함을 드러냈고, 파괴력을 키운 M41이 다시 개발되었다. 미 8군 사령관 워커의 이름과 별명을 따서 워커 불독으로 불린 이 뛰어난 경전차는 미국보다 주로 외국에서 명성을 날리며 기갑사의 한 장을 장식했다."
C,미사일,패트리어트 PAC-3,"지대공 미사일인 패트리어트의 소프트웨어를 바꿔 탄도미사일 요격용으로 개량한 것이 PAC-1이고, 하드웨어마저 개량한 것이 PAC-2였다. PAC-2는 걸프전에서 활약했지만 요격률에 문제가 있었고, 직격파괴 방식의 PAC-3가 개발되어 이라크전에서 성능을 과시했다."
E,해상병기,참수리-211,"지난 7월 28일 부산 한진중공업  영도조선소, 하늘에 폭죽이 터지고 오색종이가 휘날렸다. 우리 영해를 지키게 될, 해군의 210톤(t)급 신형 고속정 참수리-211호정의 진수식이 성대하게 거행된 것이다. 이날 진수식에는 1999년 제1연평해전 당시 고속정 정장으로 참전해, 북한군을..."
F,항공병기,C-5 갤럭시,"군용 수송기는 일반적으로 전략수송기와 전술수송기로 분류된다. 전략수송기는 전쟁수행에 필요한 물자를, 대양을 건너 후방의 주요 기지까지 수송할 수 있는 능력을 가진 수송기이다. 대표적인 전략수송기로는 미국의 C-5 갤럭시(Galaxy)와 러시아의 AN-124 루슬란(Ruslan)이..."
F,항공병기,허리케인 전투기,독일의 군비 확충으로 다급해진 영국은 스피트파이어와 허리케인을 모두 주력 전투기로 채택했다. 독일의 폭격기들이 전투기들의 호위를 받으며 영국 본토 공격에 나서자 허리케인은 수량이 절대 부족했던 스피트파이어의 공백을 메우며 눈부신 활약을 했다.
B,개인화기,F90,"F90은 기존의 불펍 소총 AUG를 호주군의 주도로 개량한 최신 소총이다. AUG보다 가볍고 유탄발사기의 탈착이 쉽다. 무게중심이 좀 더 중앙으로 와 있어 반동을 제어하기 쉬워졌으며, 탄피 걸림 현상도 줄어들었다. 일반 총기보다 총열이 길어 명중률이 높은 것도 장점이다."
F,항공병기,MD 500 디펜더,"일반적으로 최대이륙중량  1만 파운드(4.5 톤(t)) 미만의 헬기를 경헬기로 분류한다. 작지만 경쾌한 기동성을 자랑하는 경헬기는, 세계 여러 나라 군대에서 정찰헬기나 무장헬기로 많이 사용되고 있다."
E,해상병기,CV-5 요크타운,미국의 항공모함 요크타운은 남태평양에서 일본군과 사상 최초의 항모 간 대결을 벌이지만 패하고 대파되었다. 그러나 곧 미드웨이 해전이 벌어지자 놀라운 속도로 수리를 받은 뒤 투입되었다. 여기서도 격전 끝에 침몰되지만 요크타운이 보여준 투혼은 전사에 남을 만한 것이었...
C,미사일,북한의 무수단 미사일,북한이 중거리 탄도미사일인 무수단 발사에 성공했다. 무수단 미사일은 러시아에서 구입한 미사일을 역설계해 개발한 것으로 이번 발사는 대륙간 탄도미사일 기술을 확보하기 위한 것으로 보인다. 북한은 이번 발사를 통해 얻은 기술로 대륙간 탄도미사일의 개발에 박차를 가할...
B,개인화기,헤클러 앤 코흐 G3 소총,"전투소총인 G3은 돌격소총인 AK-47, M16과 더불어 가장 뛰어난 3대 소총으로 꼽힌다. 최신 기술을 접목해 명중률과 파괴력을 살리면서도 반동은 감소시켰다. 개량을 거듭해 파생형이 많기로도 유명하다. 뛰어난 장점들로 돌격소총 시대에도 전투소총의 자존심을 지킬 수 있었다."
D,육상병기,차륜형 장갑차,"차체에 강철판을 덧씌운 전투차량인 장갑차는 차륜형과 궤도형 두 종류로 나뉜다. 차륜형 장갑차는 일반적인 자동차 바퀴를 사용하는 방식이며, 궤도형 장갑차는 전차와 마찬가지로 무한궤도 즉 캐터필러(Caterpillar) 를 사용한다."
F,항공병기,Fi 156 슈토르히 연락기,"Fi 156 슈토르히는 독일의 침략을 받았던 국가들도 전후에 사용할 정도로 뛰어난 연락기였다. 통신으로 전할 수 없는 연락 임무뿐 아니라 지휘관들의 전용기, 정찰기로도 쓰였다. 단거리 이착륙 성능이 뛰어나 무솔리니 구출 작전에도 쓰이는 등 다목적기의 역할을 했다."
A,무기 및 병기공학 일반,그린베레,"미 육군 특수부대인 ‘그린베레’는 한국전쟁 무렵 창설되었다. 녹색 베레모는 원래 유럽 특수부대의 상징이었고, 미국에서는 착용을 금지시켰는데 케네디 대통령의 부탁으로 부대의 상징이 되었다. 베트남전에 처음 투입되었고 한때 침체기를 맞았지만 걸프전 때 부활해 전 세계에서..."
B,개인화기,AR-15,"지난 6월 12일 새벽 미 플로리다주 올랜도 의 한 클럽(Club), 파티가 한창인 현장에서 순간 총성이 실내를 뒤덮었다. 표적은 성소수자 들이었다. 살인범 오마르 마틴(Omar Mir Seddique Mateen)의 손에는 지그 자우어(SIG-Sauer)사의 MCX 반자동 소총이 들려있었다."
E,해상병기,리버티선,연합국의 수송선인 리버티선은 제2차 대전에서 미국의 물자를 전선에 운반하는 역할을 했다. 미국은 비숙련공들을 투입하고도 평균 24일이란 놀라운 건조 속도로 이 배를 대량생산했다. 느린 속도에 비무장이라 유보트의 표적이 되곤 했지만 전쟁을 승리로 이끈 숨은 공신이라 할...
C,미사일,하푼,"지난 5월 26일 동해안에서는 적 해상도발에 대비한, 해·공군의 합동 전투탄 실 사격 훈련이 실시되었다. 특히 이날 훈련에서는 2,500톤급 호위함 강원함이 해성-Ⅰ 국산 대함미사일 을, 공중의 P-3 해상초계기와 지상의 유도탄기지대에서는 하푼(Harpoon) 대함미사일을 각각 발사..."
B,개인화기,HK416,"미군의 화기인 M4의 한계가 드러나면서 미군 특수부대가 새로운 총기를 찾기 시작했고, 이를 계기로 탄생한 총이 HK416이다. HK사는 가스직동식을 피스톤 방식으로 교체함으로써 문제를 해결했다. HK416은 최고의 작전용 총기로 불리기에 손색이 없는 총이다."
F,항공병기,Su-24 펜서 전선폭격기,냉전시대의 소련은 폭격기 분야에서 미국에 비해 현격한 열세에 있었다. 미국이 최대 14톤의 폭탄을 장착할 수 있는 F-111의 개발에 착수하자 소련은 격차가 더 벌어질까 봐 고민에 빠졌고 결국 미국의 F-111과 여러 면에서 유사한 Su-24를 개발하게 된다.
E,해상병기,로스앤젤레스급 잠수함,"무한한 잠항능력을 가진 원자력 잠수함. 이 가운데 공격형 원자력 잠수함은 심해의 멀티플레이어(Multiplayer)로 적의 전략핵잠수함에 대한 공격을 비롯하여, 적 함선에 대한 공격 그리고 아군 전략핵잠수함과 항공모함의 호위와 기뢰부설 등 다양한 임무를 수행한다. 냉전이 한창..."
B,개인화기,FN 미니미 기관총,야심만만하게 도입한 M14전투소총(이하 M14)이 많은 문제점을 노출하자 그 대안으로 선택된 M16자동소총(이하 M16)은 이후 총기 역사에 새로운 장을 개척하였다. 그러나 야전에서 사용하는 총탄이 이리저리 나뉘게 되면서 문제점도 노출시켰다.
J,기타무기,그리스의 불,‘그리스의 불’은 제조 방법이 전해지지 않을 만큼 철저하게 비밀로 취급된 비잔틴 제국의 무기였다. 이슬람군의 맹공을 막아낸 이 무기의 비밀은 화염을 멀리 분사하는 기술에 있었다. 보다 편리한 화약이 나오면서 자취를 감췄지만 오늘날 화염방사기나 소이탄 같은 진화된 형태로...
F,항공병기,라팔,"2015년 11월 13일 프랑스 파리, 어둠이 내린 시내에 총성과 폭음이 난무했다. 파리의 공연장과 축구 경기장 등 6곳에서 총기 난사와 자살폭탄 공격 등 최악의 동시다발 테러가 발생한 것이다. IS(Islamic State) 즉 이슬람 국가 테러리스트들의 공격으로 시민 130여명이 숨졌다. 파..."
F,항공병기,크피르 전투기,중동 전쟁으로 이스라엘의 주력이던 프랑스제 전투기 미라주의 명성이 높아진다. 그러나 이스라엘의 레바논 침공으로 여론이 악화되자 프랑스는 금수 조치를 취한다. 결국 이스라엘은 미라주를 개량한 네셔에 미국 전투기 F-4의 엔진을 장착한 크피르를 자력으로 개발한다.
B,개인화기,M4에 대항하는 한국형 카빈 K2C,90년대 군번부터 군복무를 마친 이들에게 익숙한 총기가 있다. 국산 제식소총인 K2 소총이 바로 그 주인공이다. 이미 30년 가깝게 육군의 주력소총 자리를 지켜온 K2에도 최근에 변화의 조짐이 보이고 있다. K2C와 K2C1의 등장소식이 바로 그것이다.
D,육상병기,M1 에이브람스 전차,전차는 강력한 화력과 함께 기동성과 방어력을 동시에 겸비한 지상 무기체계이다. 제1차 대전 당시 처음 등장한 전차는 전쟁에 전쟁을 거듭하면서 지상전의 제왕으로 성장했다. 현존하는 수많은 전차 가운데 세계최강의 전차로 손꼽히는 전차가 있다. 바로 미 육군과 해병대가 운...
D,육상병기,T-62 전차,강한 화력의 활강포를 장착한 신형 전차 T-62는 T-64의 개발이 늦어지는 바람에 잠시 대타로 쓰일 것이라는 예상을 깨고 무기사의 주역이 되었다. 현재도 북한을 비롯한 상당수 중소국가에서 주력 전차로 활약하고 있을 만큼 장수한 베스트셀러 전차이기도 하다.
J,기타무기,바실리카,"1453년 4월 12일, 모든 준비를 완료한 오스만 제국(이하 오스만)의 술탄 메흐멧 2세는 공격 명령을 하달하였다. 그가 점령하고자 했던 목표는 비잔틴 제국(동로마, 이하 비잔틴)의 수도인 콘스탄티노플이었다. 서기 330년, 당시 로마 황제였던 콘스탄티누스 대제의 지시에 의해 만..."
E,해상병기,강습상륙함,"상륙작전은 해상으로부터 적진에 상륙해 기동하는 공격작전이다. 지상작전과 달리 상륙작전은 병력과 장비를 수송 및 전개시킬 수 있는 상륙함정의 역할이 매우 중요하다. 다양한 상륙함정 가운데 강습상륙함은 상륙작전을 위한 병력과 장비수송을 위한 대형수송함으로, 경항공..."
E,해상병기,버지니아급 잠수함,"지난 2월 16일 오전 부산 해군작전사령부, 미 해군의 최신형 공격원잠인 노스캐롤라이나(North Carolina)호가 입항했다. 버지니아급 잠수함인 노스캐롤라이나호는 입항에 앞서 13일부터 15일까지 동해상에서 진행된 한미연합 잠수함 훈련에 참가했다. 지난 2008년 3월에 취..."
B,개인화기,데그챠레프 경기관총,"1943년 7월 13일, 히틀러는 치타델 작전(Operation Citadel)을 중지한다고 선언했다. 이로써 쿠르스크(Kursk) 일대에서 독일과 소련이 벌인 건곤일척의 대결은 소련의 승리로 막을 내렸다. 이 거대한 전투 직후, 독일 제4기갑군 사령관 호트(Hermann Hoth)가 남부집단군 사령관 만..."
D,육상병기,케텐크라트,국방이나 치안 때문에 존재하지만 기본적으로 무기는 살상의 도구여서 위험한 물건일 수밖에 없다. 그런데 한편으로는 상당히 멋진 물건이기도 하다. 물론 멋이라는 기준이 상당히 주관적이어서 느끼는 감정이 사람마다 다르지만 많은 사람들은 무기로부터 멋을 느낀다.
F,항공병기,풀퀴2 전투기,여러 문제로 말미암아 여전히 말이 많은 F-35의 사례에서 알 수 있듯이 갈수록 고성능 전투기의 개발은 어렵다. 전장 환경이 변화하고 이에 맞추어 새로운 기술을 접목하여야 하기 때문이다. 당연히 개발 비용이 폭증하고 이로 인한 리스크도 함께 커져서 EF-2000나 F-35 같은 경...
C,미사일,대륙간탄도미사일,"대륙간탄도미사일은 핵탄두를 장착하고 한 대륙에서 다른 대륙까지 공격이 가능한 탄도미사일이다. 사정거리 5,500km 이상의 탄도미사일로, 대기권 밖을 비행한 후 핵탄두로 적의 전략목표를 공격한다."
F,항공병기,F-CK-1 징궈 전투기,"1982년 8월 17일, 미국과 중국은 악화되었던 양국 관계를 정상화하기로 하면서 이른바 ‘817성명’으로 알려진 합의문을 발표하였다. 중화인민공화국(PRC)이 중국의 유일 합법정부라는 1항은 이미 국교수립 당시에 합의한 것이므로 굳이 새삼스러울 것은 없었다."
B,개인화기,루이스 경기관총,기관총은 제1차 대전을 거치며 진가를 드러내기 시작하였다. 위력을 전부터 알고는 있었지만 얼마나 무섭고 뛰어난 무기인지 이때부터 여실히 입증되었고 보편화 되었다. 피아 구분 없이 마구 사용된 맥심(Maxim) 기관총이 제1차 대전을 상징하는 대표적인 기관총이지만 사실 이...
E,해상병기,CV-59 포레스탈,유럽과 미국에서 매년 두 차례 개최되는 SC(Supercomputing Conference)에서 선정한 연산속도 500위 이내의 컴퓨터를 슈퍼컴퓨터라고 정의한다. 그래서 슈퍼컴퓨터는 특정 모델을 의미하는 것이 아니라 당대 최고의 연산 능력을 가진 컴퓨터를 의미한다.
F,항공병기,미라주 F1 전투기,앞으로도 계속 같은 위치를 차지할 지의 전망은 차치하고 프랑스의 다쏘(Dassault Aviation) 사가 전투기의 명가라는 사실에 대해서는 이론의 여지는 없다. 1960년대를 끝으로 독자적인 개발을 중단하고 국제 협력을 통해 전투기 제작에 나선 전통의 라이벌 영국에 비한다면 다쏘의...
F,항공병기,아파치 가디언,"지난 11월 3일 미 애리조나 주 메사(Mesa)에 미 보잉사 공장, 방위사업청, 육군 및 업체 관계자 50여명이 참석한 가운데 우리 육군이 도입할 AH-64E 아파치 가디언(Apache Guardian) 공격헬기의 출고식이 열렸다. 이날 모습을 드러낸 아파치 가디언은 공대지 및 공대공 미사일을..."
D,육상병기,BMP-3 보병전투차,"의욕적으로 북방정책을 추진하던 노태우 정부는 1990년 9월 30일, 마침내 공산주의 종주국 소련과 수교를 맺기에 이르렀다. 냉전체제가 무너지던 시기였으나 그 이면에는 30억 달러의 차관 제공이라는 미끼가 있었다. 그런데 절반 정도인 14억 7천만 달러가 지급 된 이듬 해, 놀..."
F,항공병기,P-51 머스탱,"1943년 1월, 미국과 영국은 독일의 전쟁 수행 능력과 의지를 없애기 위해 독일 본토 요지와 공업지대에 대한 대대적인 폭격 작전을 실시하기로 결정하였다. 그 동안 간헐적으로 이루어지던 작전을 일원화하여 주간에는 미국이, 야간에는 영국이 전담하기로 결정하였고 이를 위해 B-..."
B,개인화기,M3 기관단총,"1941년, 제2차 대전에 미국이 참전을 결정하였을 때, 미국은 민수용으로 호평 받던 톰슨 기관단총(Thompson, 이하 톰슨)이 있었음에도 경쟁국의 주력 기관단총과 비교하면 상대적으로 휴대가 불편하고 대량 생산도 어려웠다. 커다란 전쟁을 치르려면 보다 가볍고 빨리 생산할 수..."
C,미사일,엑조세 대함미사일,"엑조세는 1974년 개발 완료되어 실전 배치되기 시작하였는데, 최초 양산형인 MM38은 지대함, 함대함 모델로 165kg의 탄두를 장착하고 약 42km의 거리를 아음속으로 비행할 수 있었다. 프랑스는 이를 베이스로 공대함 버전인 AM39, 잠대공 버전인 SM39, 사거리와 성능을 대폭..."
F,항공병기,A6M 0식함상전투기,"A6M은 플랩을 통해 충분한 양력을 받을 수 있었기에 저속에서 기동성이 탁월하였다. 날개의 지지구조, 랜딩기어의 수납 방법 등에서도 등장 당시 기준으로 당대를 선도하였다는 평가를 들었을 정도로 많은 개발에 노력이 함께 있었다."
F,항공병기,Me 262 슈발베,라이트 형제가 만든 비행기는 인류의 삶을 획기적으로 바꾼 문명의 이기지만 인간이 이를 싸움의 도구로 이용하는데 그다지 많은 시간이 걸리지 않았다. 곧바로 무기가 되었고 얼마 지나지 않아 고성능 전투기들이 하늘을 수놓으면서 하늘도 전쟁터로 바뀌었다. 그렇게 시작된 전...
F,항공병기,UH-1 휴이,"헬기는 제2차 세계대전을 거치면서 급격한 기술적 발전을 이루게 되고, 특히 수직기동이 가능한 헬기는 군의 주목을 받게 된다. 이후 군 작전을 위한 군용 헬기가 탄생하게 되었고, 군용헬기는 오늘날 군에서 빠질 수 없는 무기가 되었다. 이러한 군용 헬기 발전에 가장 큰 영향을..."
F,항공병기,P-8A 포세이돈,"P-8A 해상초계기는 미·중 갈등의 최전방에서 작전하는 항공기로, 현존하는 해상초계기 가운데 가장 뛰어난 성능을 자랑한다."
G,폭탄 및 핵무기,IED,"내전과 테러가 일상화 되다시피 한 중동이나 아프리카 일대에서는 쉽게 구하고 사용하기도 편리한 AK-47과 RPG-7이 시대를 상징하는 하나의 트렌드가 되었다. 물론 이 정도도 후방 교란을 목적으로 하는 비정규전에서 충분히 강력할 만큼 효과적인 무기지만, 이에 대응하여 점..."
B,개인화기,SVD 반자동소총,새 시대에 걸 맞는 소부대용 특수 목적 소총이 필요하게 되었고 그러한 요구에 부응하여 탄생한 걸작이 ‘드라구노프(Snayperskaya Vintovka sistem'y Dragunova obraz'tsa)’ 즉 SVD 반자동소총이다.
F,항공병기,공격기,"전술기의 통합화 추세와 발맞춰 그 운명을 고하는 부류의 군용기가 있는데, 바로 공격기(Attacker)다. 일부 공격기를 미 공군(전신 육군 항공대 포함)이나 여타 국가들도 운용하지만 특별히 공격기라고 부르는 대부분의 작전기는 미 해군(해병대 포함)이 운용한 전술폭격기를 의..."
D,육상병기,T-64 전차,상대보다 더 좋은 전차를 가지려는 의지는 당연하지만 쉽게 이루기 어려울 만큼 욕심이 지나쳤던 경우도 있었다. 시대를 선도하였다고 평가 받지만 현실에서는 어정쩡해졌던 T-64전차가 바로 그러했던 경쟁의 산물이었다.
F,항공병기,포커 삼엽기,"일견 낭만적인 장면의 주인공이었던 리히트호펜은 공식적으로 80기의 적기를 격추한 당대 최고의 에이스답게 독일에서는 전쟁 영웅으로 대접받았고 연합군 조종사들에게 공포이자 경외의 대상이 되었다. 그래서 그를 일컫는 별명이 많았는데, 그 중 붉은 남작(Red Baron)이 가장..."
D,육상병기,ZiS-3 사단포,소련에서 구국의 전차라고 불리는 T-34처럼 흔히 구국의 포로 불린 M1942 ZiS-3 사단포(이하 ZiS-3)도 그러했던 대표적 무기 중 하나였다.
B,개인화기,레벨 소총,자주국방에 대한 의지가 상당히 높은 나라지만 의외로 프랑스의 군사적 능력을 과소평가하는 경향이 많다.
F,항공병기,스피트파이어,전투기들은 곧바로 이어질 영국 본토 항공전을 비롯하여 제2차 대전이 끝날 때까지 꾸준히 하늘을 지켰다. 지금도 영국의 자부심으로 남아있는 불멸의 스피트파이어(Spitfire)가 바로 그 주인공이다.
B,개인화기,바주카,"제2차 대전을 거치며 다양한 휴대용 대전차 무기가 등장하였는데, 흔히 바주카(Bazooka)라는 이름으로 많이 알려진 미국의 로켓 발사기 시리즈도 초기 휴대용 대전차 무기의 역사를 이끈 선구자중 하나다."
C,미사일,SSGN,잠수함발사 순항미사일(SLCM; Submarine Launched Cruise Missile)과 이를 발사하는 유도미사일 잠수함(SSG 또는 SSGN)도 엄청난 위협이 된다. 사실 역사를 살펴보면 SLBM이 실전배치되기 전부터 먼저 잠수함에 실려 핵전력으로 실전배치된 존재가 바로 SLCM이다.
E,해상병기,전함 드레드노트,20세기 중반에 등장한 핵폭탄 이후 현재까지 그 정도로 커다란 변화를 몰고 온 신무기의 실전 배치는 아직 없다고 볼 수 있을 정도다.
B,개인화기,M1903 스프링필드 소총,총기에 의한 범죄 사고가 너무 흔하게 발생하여 미국 내에서 점차 규제에 관한 목소리가 커지는 추세다. 하지만 정치적으로 막강한 영향력을 행사하는 미국총기협회(NRA)의 위상에서도 알 수 있듯이 미국은 총기가 하나의 문화로 깊게 정착되어 버린 나라다. 따라서 취미로 수집...
F,항공병기,메서슈미트 Bf 109,마치 전자오락처럼 보이지도 않는 먼 곳에서부터 레이더로 적기를 포착하여 미사일을 날리는 현대의 공중전과 달리 독파이팅(Dog Fighting)이라 부르는 근접전으로 전투를 벌이던 예전에는 조종사들의 능력이 승패를 많이 좌우했으므로 에이스는 조종술이 뛰어난 파일럿을 이르...
F,항공병기,E-2 호크아이 조기경보기,"이스라엘은 당시 또 하나의 필승카드를 보유하고 있었는데, E-2 호크아이(Hawkeye) 조기경보기가 바로 그 주인공이다. 이스라엘은 E-2가 피아의 상황을 정확히 판단하여 통제한대로 전투를 벌여 대승을 거둔 것이었다."
C,미사일,현궁,"세계정상급의 성능을 자랑하는 국산전차가 생산되고 있으며, 북한군 전차뿐만 아니라 주변국의 전차까지 격파할 수 있는 대전차 미사일 현궁이 개발되었기 때문이다."
E,해상병기,항공모함 쿠즈네초프,부러움의 대상이기도 했고 당연히 항공모함을 가지고 싶어 했다. 러시아 유일의 항공모함인 쿠즈네초프 제독(Admiral Kuznetsov 이하 쿠즈네초프)은 바로 그런 염원의 산물이다.
B,개인화기,수오미 기관단총,단지 겉으로 드러난 외형만 믿고 너무 자만한 소련군의 무능과 직전에 있었던 대숙청의 여파로 말미암아 지휘 체계가 붕괴되면서 벌어진 한심한 결과였다.
F,항공병기,Me 323 기간트 수송기,불과 20여 년 전만 해도 치열한 건함 경쟁을 통해 이룬 세계 2위의 해군력을 앞세워 당당히 도전하였지만 결국 차이를 극복하지 못한 경험을 가진 독일에게 영국 해군은 여전히 극복하기 어려운 엄청난 장벽이었다.
G,폭탄 및 핵무기,M65 원자포,핵무기의 위력은 엄청나다. 최초 폭발 시 발생하는 무서운 파괴력도 어마어마하지만 오랜 시간을 두고 후유증이 나타나는 방사능 오염 피해 또한 심각한 문제다.
C,미사일,잠수함발사 탄도미사일,"대표적인 것 3가지를 ‘핵전력 삼위일체(Nuclear Triad)’라고 부른다. 그 3가지는 바로 전략핵 폭격기, 대륙간 탄도미사일(ICBM), 그리고 잠수함발사 탄도미사일(SLBM)이다."
B,개인화기,PK 기관총,냉전이 시작되며 군사력 우위를 계속 점하기 위해서는 보다 좋은 기관총이 필요했던 것은 당연하였다. 그러한 시대상을 배경으로 탄생한 소련의 다목적기관총이 바로 PK 기관총이다.
B,개인화기,경기관총,기관총의 종류 역시 세월을 거치면서 다양해지고 있다. 이 가운데 경기관총은 분대지원화기로도 불릴 정도로 보병 분대에서 화력을 담당하는 대표적인 무기 중 하나다.
F,항공병기,투폴레프 Tu-4 전략폭격기,소련은 종전 후 불과 2년이 지난 1947년에 마침내 B-29와 맞먹는 전략폭격기를 등장시킬 수 있었다. 바로 투폴레프(Tupolev) Tu-4 전략폭격기다.
F,항공병기,미라주 2000,"독특한 나라 프랑스. 미국, 러시아 같은 초강대국은 아니지만, 제2차 세계대전 이후 지속적인 기술개발을 통해 항공선진국으로 도약했다. 특히 프랑스가 개발한 미라주(Mirage) 계열 전투기들은 전투기 시장에서 틈새시장을 파고들며 베스트셀러 전투기의 명성을 얻게 된다."
E,해상병기,샤를 드골 항공모함,이처럼 애초 계획과 달리 제 역할을 못하거나 제작 도중 예상치 못한 난관을 겪는 경우를 흔히 ‘삽질’이라 표현하는데 그런 점에서 본다면 마지노선은 크나 큰 삽질이었음은 확실하다. 그런데 마지노선 못지않게 프랑스에서 두고두고 반면교사의 사례로 삼을 만큼 무기사에 길이...
B,개인화기,브라우닝 M1919 기관총,미군이 본격 참전한 1918년은 전쟁 말기여서 적국인 독일군이나 연합군은 이미 산전수전을 다 겪은 상황이었다. 하지만 미군은 모든 것이 생소했고 당연히 많은 시행착오와 어려움을 겪어야만 했다.
F,항공병기,MiG-23 플로거,1950년 10월 한반도 북부 상공에 갑자기 등장한 MiG-15는 모두를 놀라게 만들었다. 하지만 성능이 압도적으로 뛰어나서 그런 것은 아니었다. F-86이 즉시 대응하여 진검 승부를 펼쳤던 사례에서 알 수 있듯이 당시 미국도 충분히 뛰어난 전투기를 보유하고 있었다.
J,기타무기,사드,"사드(THAAD Terminal High Altitude Area Defense)는 고고도 미사일 방어체계로, 미국이 추진하고 있는 미사일 방어체계의 핵심요소 중 하나이다. 이러한 사드는 중단거리 탄도미사일로부터 군 병력과 장비, 인구밀집지역, 핵심시설 등을 방어하는데 사용된다."
D,육상병기,8.8cm FlaK,수단과 방법을 가리지 않고 마구 싸워야 하는 것이 어쩌면 전쟁의 진짜 모습인지도 모른다. 그런데 원래 개발 당시 계획했던 목적과 달리 엉뚱한 분야에서 더 뛰어난 능력을 발휘하였던 무기가 전사에 종종 등장한다.
B,개인화기,쇼샤 경기관총,팔기 위해서 만든 제품이 사용자들로부터 불평불만의 대상이 되기를 원하는 이들은 없다. 또한 소비자에게 나쁜 상품으로 낙인 찍혀 외면 받게 되면 더 이상 시장에 존재하기도 어렵다. 그것은 무기라 해서 결코 예외가 아니다. 전쟁은 개개의 병사들이 단 하나뿐인 목숨을 걸고...
F,항공병기,MiG-19 파머,1954년 사상 최초의 초음속전투기인 F-100을 본격 제식화하면서 제2세대 전투기 시대를 본격 개막시킨 미국은 확고하게 전투기 세계의 주도권을 가져왔다고 믿었다. 하지만 소련이 즉시 선보인 대항마 때문에 미국의 착각은 불과 6개월 만에 막을 내렸다. 바로 소련 최초의 초음...
B,개인화기,베레타 92,미군용으로 선택된 외국산 권총이 있다. 바로 베레타 92다. 그것도 백 년 가까이 미국의 상징으로 군림하던 터줏대감 M1911 권총을 대체하기 위한 사업에서 당당히 선택되었다.
D,육상병기,이오시프 스탈린 전차,"1944년 소련은 터렛은 곡선형태로, 전면은 V자 형태로 개량하여 피탄 면적을 더욱 최소화하고 측면에 공간장갑을 사용하여 대폭 방어력을 강화한 IS-3을 개발하였다. IS는 스탈린의 이름을 딴 것인데 흔히 소련의 IS 중전차를 스탈린 전차라고 부른다."
F,항공병기,F-101 부두 전투기,F-101은 전략폭격기를 호위하는 용도로 구상되었다가 핵폭탄을 투하하는 전폭기로 용도변경되었고 마지막에는 핵공격을 막기 위한 용도로 사용되었다. 급변하는 상황 속에서 이도 저도 아닌 기구한 인생을 살다 간 냉전시대의 자화상 같은 전투기이다.
B,개인화기,99식 소총,"일본이 2차대전 중 화력을 보강하기 위해 양산한 99식 소총은, 식민지였던 한국에서 조달한 철광도 포함하여 제작된 것이었다. 일제가 사용하던 이 소총은 한국전쟁 당시 북한군과 국군 모두 사용함으로써 서로에게 총구를 겨누는 비극을 낳기도 했다."
F,항공병기,Su-25 프로그풋,"Su-25는 소련에서 만든 유일한 CAS(Close Air Support, 근접항공지원) 전용기이다. 공대공전투와 공대지임무도 함께 수행할 수 있는 많은 전술기와 달리 Su-25는 오로지 대지 공격 임무만 수행할 수 있다."
B,개인화기,M4 카빈,현대적인 군 장비나 전쟁영화에 관심을 갖는 사람이라면 알 만한 총기가 있다. 바로 M4 카빈이다. M4 카빈에 주목하는 이유는 이 총기가 바로 미 육군의 제식소총이기 때문이다. M16의 자리를 M4가 대체하고 있는 것이다. M4 카빈은 이전의 총들과 무슨 차이가 있는 것일까?
D,육상병기,티거,"티거는 양산 대수는 겨우 1,347대에 그쳤지만 그 작은 수치로 제2차대전을 대표하는 전차가 되었다는 점이 티거의 위대함일 것이다. 이는 무적의 독일 전차라는 신화를 만든 티거의 놀라운 전과 때문이다. 서부전선 기갑전에서 약 1대5 정도의 교환비를 보였는데, 공군의 도움 없..."
B,개인화기,FN MAG,"FN MAG은 M60을 대체하기 위해 미국이 도입한 벨기에의 기관총이다. M60에 대한 자신감이 충만했던 미국은, 베트남 실전에서 개선 요구가 빗발치자 FN MAG을 도입하기로 한다."
E,해상병기,"올림픽, 타이타닉, 브리타닉","제1차대전이 한창이던 1916년 11월 21일, 영국 해군의 병원선인 브리타닉(Britannic)은 수많은 부상병을 싣고 에게 해에 위치한 케오스섬 인근을 지나고 있었다. 오전 8시 12분, 갑자기 선수 우현에서 커다란 섬광과 함께 귀청을 찢는 폭발음이 들렸다. 배수량 48,158톤의 거대한 선박..."
F,항공병기,F-100 슈퍼 세이버,F-100 슈퍼 세이버 전폭기는 세계 최초의 초음속 전투기이다. 1949년 2월에 개발이 시작되었는데 기존 F-86D 세이버 요격기의 주날개를 전용하는 것으로 설계에 들어갔다. 그러던 중 1950년 한국전 발발 직후 등장한 MiG-15 전투기에 대응하기 위해 서둘러 완성하게 된다.
F,항공병기,한국형 FA-50 경공격기,한국 공군의 제1 주력 전투기인 F-15K 전투기에 이어 두 번째로 등장한 디지털 전술기인 FA-50 경공격기는 초음속 훈련기를 전투용 항공기로 개량한 한국형 경공격기이다.
F,항공병기,CN-235M 슈퍼 트루퍼,"전술수송기는 전투 지역 내에서의 군사작전을 지원하기 위한 수송기로, 전략 수송기에 비해 비행거리가 짧은 대신 비교적 다양한 임무를 수행한다. 대형 수송기를 제외한 중소형 전술수송기 중 대표적인 것이 CN-235M 슈퍼 트루퍼(SUPER TROOPER) 전술수송기다. 270여대가..."
D,육상병기,M4 셔먼 전차,"M4는 성능이 나쁜 전차가 아니었지만, 티거(Tiger)같은 독일의 중(重)전차를 만나면서부터 그 위상이 순식간 추락하였다. 그러나 M4는 결코 독일이 극복할 수 없는 한 가지 장점을 가지고 있었는데, 바로 어마어마한 생산량이었다. 티거가 1,347대, 티거 II가 492대 생산된 데 반하여..."
F,항공병기,Ju 87 슈투카,‘슈투카(Stuka)’라는 이름으로 더 많이 알려진 Ju 87 폭격기는 제2차대전을 상징하는 무기이다. 비록 최고 성능의 폭격기라고 단정할 수는 없지만 Ju 87만큼 2차대전을 떠올리게 하는 무기는 없을 것이다.
F,항공병기,UH-60 블랙호크,야시장비란 야간 또는 제한된 시계 조건하에서 적의 활동상황을 관측 및 식별하기 위해 특별히 개발된 장비이다. 야시장비가 없던 시절에는 지형을 훤히 아는 경우나 달이 밝은 경우가 아니면 주로 낮에 전투를 했다. 야시장비가 발달함에 따라 오늘날의 전쟁은 낮이 아닌 밤에 벌...
J,기타무기,야시장비,야시장비란 야간 또는 제한된 시계 조건하에서 적의 활동상황을 관측 및 식별하기 위해 특별히 개발된 장비이다. 야시장비가 없던 시절에는 지형을 훤히 아는 경우나 달이 밝은 경우가 아니면 주로 낮에 전투를 했다.
B,개인화기,RPK 경기관총,"RPK는 뛰어난 소총인 AK-47이 등장함에 따라 이를 지원하기 위해 소련에서개발되었는데, AK-47을 모체로 개발되어 호환성이 상당히 높다. AK와 RPK의 성능이 워낙 뛰어나다보니 소련군은 이전 제식화기를 사용한 지 불과 2년 만에 AK로 전면 교체 후 RPK가 개발되자마자 역시..."
F,항공병기,블랙번 버캐니어,전통적인 해군 강국인 영국은 항공모함 탑재용 전투기를 자체 개발하는 나라 중 하나였다. 하지만 전투기 개발 비용을 유지할 수 없게 되어 1960년대 이후는 미국에 의존하게 된다. 영국이 자체 개발한 마지막 공격기는 블랙번 버캐니어일 가능성이 크다.
B,개인화기,탕크게베어 대전차총,"1차세계대전 당시, 육상전에서 전선을 돌파하는 방법은 이전 세대와 비교하여 차이가 없었지만 투입된 무기의 위력이 달랐기에 인명 손실은 극대화되면서 전선은 고착되는 현상이 벌어졌다. 이를 타계하기 위해 연합군이 전차를 개발하였는데 이 전대미문의 무기에 대응하기 위..."
F,항공병기,투폴레프 Tu-22M 백파이어 폭격기,"냉전 시대, 소련에서 신무기를 개발할 때마다 미국은 상당한 두려움을 느꼈는데 냉전 시대가 끝난 후 필요 이상의 두려움이었다는 사실이 밝혀진 경우가 많았다. 냉전 시대에 공포의 대명사였던 투폴레프 Tu-22M 백파이어 폭격기도 그중 하나다."
B,개인화기,FAMAS 돌격소총,프랑스는 소총 개발에서 엄청난 난항을 겪었다. 갖은 우여곡절 끝에 탄생하여 현재 프랑스군의 표준 제식화기로 사용 중인 FAMAS 돌격소총은 그러한 프랑스의 국산 무기 개발에 관한 딜레마를 여실히 보여주고 있는 대표적인 사례다.
F,항공병기,Me 163 코메트 전투기,2차 세계대전 막바지에 실전 투입된 독일의 로켓 전투기인 Me 163은 엄청나게빠른 속도로 연합군을 공포에 빠뜨렸지만 운용이 쉽지 않아 실질적인 위협이 되지는 못했다.
F,항공병기,F-105 선더치프 전투기,"센추리 시리즈 중 최고의 무장탑재력을 자랑하며 음속의 2배의 속도로 요격, 공중전, 지상공격 뿐만 아니라 핵무기까지 탑재 가능한 F-105 선더치프 전폭기."
F,항공병기,정찰기,적의 움직임 뿐만 아니라 적의 동태와 상황을 파악해 선제적인 군사작전을 가능하게 하는 현대전의 필수 요소인 정찰기.
D,육상병기,견인포,견인포는 전 세계적으로도 야전포병의 기본이 되는 무기인 동시에 가장 많은 수량을 자랑한다.
F,항공병기,전략 폭격기,"강대국의 국방력을 상징적으로 나타내는 전략 폭격기. 전략 폭격기는 대륙간 탄도 미사일, 핵 잠수함과 함께 3대 전략 핵무기로 부르고 있다."
J,기타무기,대포병 레이더,적 포병의 쏜 포탄의 괘적을 계산하여 포대의 위치를 파악하는 대포병 레이더는 현대전에 있어서 포병을 추적하기 위한 필수 무기로 자리잡았다.
F,항공병기,MiG-17 프레스코 전투기,베트남 전쟁에서 북베트남군의 주력 전투기로 사용되었던 MiG-17은 베트남 전쟁 이후에 수많은 최빈국에 수출되며 베스트셀러 전투기로 기록된다.
F,항공병기,MiG-15 파고트,6.25 당시 유엔군을 당황하게 했던 소련의 전투기인 MiG-15는 2차 세계대전이 끝나고 독일의 기술을 바탕으로 만들어진 전투기이다. 6.25때 공포의 은빛 날개라 불리울 정도로 공포의 대상이였지만 이후 분석을 통해 고성능의...
F,항공병기,대형 수송기,수송기는 전투의 최일선에서 직접 전투를 치르지 않지만 공수작전 및 전투에 필요한 물자를 수송함으로써 전투를 직간접적으로 지원하게 된다. 특히 대형 수송기는 많은 물자와 인원을 먼 거리까지 운송하여 빠른 지원이 가능하도록..
J,기타무기,미사일 방어체계,미사일 방어체계는 미사일이나 미사일의 탄두가 목표물에 도달하기 전에 파괴하기 위해 개발된 무기체계로 한국 역시 미사일 방어를 위한 개발을 지속하고 있다.
F,항공병기,F-106 델타 다트 전투기,"1950년대 미국의 초음속 전투기 시리즈인 센츄리 전투기 시리즈중 하나인 F-106 델타 다트 전투기는 푸에블로 피납사건으로 인하여 한국에 주둔한 전투기이도 하다. 이후 F-4, F-15, F-16에 그 자리를 물려주고 80년대 말 퇴역하게 된다."
E,해상병기,전함 비스마르크,2차대전 당시 독일의 해군력은 영국에 비교하여 낮은 수준이었다. 이러한 열세를 극복하고자 독일 해군은 당시 최대의 전함인 비스마르크를 건조하고 실전에 투입하지만 영국의 집요한 추적 끝에 함포를 교환하고...
G,폭탄 및 핵무기,항공 폭탄,항공기가 개발되고 발전하면서 기존에 사용하던 방법인 포탄은 항공기에 탑재되어 보다 멀리 떨어진 곳까지 타격을 줄 수 있게 되었다. 이후 항공 전용 폭탄은 댜양한 용도에 적합하게 발전되어졌다.
F,항공병기,F86 세이버 전투기,제 2차 세계대전이 끝나면서 프로펠러 전투기의 시대가 저물고 제트 전투기의 시대가 열렸다. 미국의 주력 제트 전투기로 자리매김한 F-86은 이후 최초의 공대공 미사일을 사용한 전투기로도 유명하다.
G,폭탄 및 핵무기,지뢰,"땅 속에 매설되어 압력이나 접근을 통한 자극을 받으면 폭발하는 무기인 지뢰는, 오늘날 지상군에게 가장 위협적인 무기 중 하나로 적은 비용으로 전력을 약화시키는 효과적인 공격수단이나 현존하는 무기 중 가장 비인도적인 무기로 꼽힌다."
F,항공병기,안토노프 An-2 수송기,1947년부터 최근까지 생산된 다목적 수송기 AN-2기는 최초 농업용으로 개발되었으나 저렴한 유지비와 다양한 환경에서 운용이 가능하여 개인용 비행기부터 군용까지 다양한 목적으로 사용되고 있다.
B,개인화기,배럿 M82  대물저격총,은폐 및 엄폐된 타겟을 타격하기 위해 개발된 대물저격총중 배런 M82 대물저격총은 기존 대물저격총의 문제점인 반동을 최대한 억제하고 파괴력을 확보하여 대물저격총의 대표주자가 되었다.
A,무기 및 병기공학 일반,마지노선,"프랑스가 라인 강을 따라 독일과의 국경에 쌓은 요새선인 마지노선은 프랑스의 장군 마지노의 이름을 따서 만들었다. 2차대전 당시 프랑스군의 중요한 방어선이였으나 독일군에 의해 함락되었다. 오늘날에는 더 이상 양보하기 힘든, 또는 최후의 보루로 반드시 고수하여야 할 목..."
F,항공병기,B-47 스트라토제트 전략폭격기,1951년부터 양산되기 시작한 B-47 폭격기는 제트 폭격기 시대를 연 주역으로 핵 운용을 위한 전략폭격기로 만들어졌다. 하지만 핵 운용이 폭격기가 아닌 핵미사일 방식으로 바뀌면서 입지가 줄어들게 되고 결국 퇴역하게 되었다.
B,개인화기,MP5 기관단총,휴대성과 연사력에 명중률까지 확보하여 기관단총의 새로운 지평을 연 독일산MP5 기관단총은 1960년대 이후 수많은 국가의 특수부대의 표준화기로 자리잡았다.
D,육상병기,LT vz. 38 경전차,"체코슬로바키아의 ČKD社에서 제작한 LT vz. 38(LT-38), 이른바 38(t)라는 이름으로 알려진 경전차는 체코를 지키기 위해 만들어졌으나 독일의 체코슬로바키아 침공 이후에 2차대전동안 독일군의 전차로 쓰여졌다."
F,항공병기,F-104 스타파이터  전투기,2차대전 이후부터 고도의 전자장비가 일반화되기 전까지 전투기의 전투력중 가장 중요한 요소는 속도였다. 이러한 속도에 과도하게 치중해 만든 전투기가 F-104 스타파이터이다.
B,개인화기,FAL 전투소총,2차대전 후 개발 완료된 벨기에의 소총으로 꽤 오래되었지만 아직까지도 많은 국가에서 쓰이고 있는 소총으로 이름에서 알 수 있듯이 경량 자동 소총의 대명사가 되었다.
E,해상병기,롱비치 순양함,항모 엔터프라이즈와 함께 핵추진함으로 개발된 롱비치 순양함은 시대를 뛰어넘는 다양한 기술들이 적용되어졌으나 너무 시대를 앞서간탓에 이상한 형태의 함으로 탄생하였다. 수많은 전과를 올리고 1995년 일선에서 물러났다.
F,항공병기,투폴레프 Tu-95 전략폭격기,B-52에 대항하는 소련의 폭격기로 1952년 초도 비행을 시작으로 현재까지 운용중인 폭격기이다. 비록 구식 폭격기지만 2040년까지 운용하기로 할 정도로 소련의 대표 폭격기중 하나이다.
B,개인화기,RPD 경기관총,독일군의 MG42에 자극 받아 만들게 된 소련의 경기관총으로 AK47과 탄 호환이 되고 가볍기 때문에 제 3국에서 많이 사용된 기관총이다.
A,무기 및 병기공학 일반,네이비실,특수임무 수행을 위해 케네디 대통령 재임때인 1962년 창설된 미 해군의 특수부대로 수많은 전투에서 특수임무를 성공적으로 수행하였다.
C,미사일,"THAAD, SM-3 미사일","대륙간 탄도 미사일에 대한 요격이 목적인 MD체계에서 미사일을 요격하기 위한 THAAD, SM-3 미사일은 적의 미사일 공격에 대해 효과적으로 대처할 수 있는 수단이다."
F,항공병기,B-1B 랜서 폭격기,저고도 초음속 폭격기의 대명사가 된 미군의 B-1B 전략폭격기는 B-52의 두 배 가까운 폭장량과 고속으로 저고도 침투를 통한 폭격이 가능한 폭격기로 여전히 위협적인 존재이다.
J,기타무기,기총,1차 세계대전당시부터 최근까지도 전투기는 기본적으로 기총을 탑재하고 근접전부터 공대지까지 기본 무장으로 활용하고 있다. 시대는 바뀌어도 전투기의 기본 무장으로 사용되고 있는 기총.
F,항공병기,JA37 비겐 전투기,스웨덴의 자국 영공을 수호하기 위해 개발된 3세대 전투기. 80년대를 대표하는 유럽 전투기중 하나인 비겐은 스웨덴 환경에 맞게 짧은 이착륙거리에 다목적 임무를 수행할 수 있도록 설계되었다.
B,개인화기,카르카노 소총,"AK47, M16 등 우수한 소총에 가려 그저 그런 소총으로 평가 받았고 제조국인 이탈리아 이외의 국가에서는 제식화하지 못했지만 케네디대통령 저격시 사용된 총으로 유명해진 소총"
D,육상병기,열차포,대포의 시대라 할 수 있는 2차대전 당시 모든 대포를 압도하고도 남을 화력을 지닌 열차포는 대포의 화력을 극대화하기 위해 열차에 거대한 포를 얹도록 설계되었다.
B,개인화기,고속유탄기관총,"소총과 경기관총은 전 세계 보병 분대의 주요한 무기라고 할 수 있다. 또한 소총에 장착되는 유탄발사기는, 크기는 작지만 보병 분대에서는 박격포에 버금가는 위력을 자랑한다."
F,항공병기,F-22 랩터,"2006년 6월 23일, 미 공군의 공식 웹사이트에 하나의 기사가 게재되었다. 알래스카 일대에서 한창 진행 중이던 ‘노던에지(Northern Edge)훈련’과 관련된 내용이었는데..."
J,기타무기,전자전기,강력한 전자장비 및 교란장치를 이용하여 적 항공기의 전자장비를 무력화시키고 통신체계까지 마비시키는 최근 전장에 필수적인 요소가 되어버린 전자전기
B,개인화기,지그-자우어 P226 권총,스위스와 독일의 합작품인 지그-자우어 P226 권총은 미군의 차세대 제식권총 최종 후보에 뽑힐 정도로 뛰어난 성능을 가졌으나 비싼 가격으로 인하여 베레타에 제식권총의 영예를 넘겨줘야 했다.
F,항공병기,투폴레프 Tu-160 블랙잭 폭격기,"비록 냉전시기였던 1990년 이전의 소련군보다 약체로 평가되지만, 이를 대부분 승계한 러시아군은 현재 지구상에서 군사적으로 유일하게 미국에게 맞설 수 있는 무력집단이다."
D,육상병기,티거 II 전차,2차 세계 대전 막바지에 나온 자타가 공인하는 당대 최강의 전차. 하지만 이미 기울어진 전세를 역전시키진 못한 패자의 전차로 역사의 뒤안길로 사라지고 만 전차.
B,개인화기,TT권총,"2차 세계대전 당시 독일에 대항하기 위해 러시아에서 만든 권총인 TT 권총은 단순한 구조 덕분에 공산국가에서 애용하는 권총이 되었다. 2차 세계대전이라는 급박한 시기에 대량생산,"
F,항공병기,EA-6B 프라울러,상대의 눈을 멀게 만드는 전자전기는 현대전에서 상당히 중요한 역할을 담당하고 있다. 특히 미군이 오랫동안 운용하고 있는 EA-6B 프라울러(Prowler)는 전자전기의 대명사라 할만한 걸작이다.
B,개인화기,스텐 기관단총,정작 기관단총이 절실히 필요하게 되자 제대로 된 준비도 없이 부랴부랴 만들 수밖에 없었다. 그렇게 서둘러 탄생한 기관단총은 급하게 만든 만큼 문제점도 많았다. 바로 스텐(STEN) 기관단총이다.
F,항공병기,F-111 아드바크,미국은 1960년대 초 ‘TFX(차세대 전술 전투기 도입사업)’으로 불린 프로젝트를 실시한 적이 있었다. 결국 실패로 막을 내렸지만 이 과정에서 일부 성과도 있었다.
C,미사일,공대공 미사일,"공대공 미사일은 공중전의 커다란 변화를 가져왔을 뿐만 아니라, 이후 전투기의 설계 및 성능개량에도 많은 영향을 미쳤다. 베트남전에서 걸프전에 이르기까지 고성능의 공대공 미사일은 공중전의 승패를 판가름 짓는 중요한 무기였다."
D,육상병기,박격포,"보병간의 전투에서 박격포는 가장 위력적인 무기로 손꼽힌다. 특히 외부의 지원 없이 보병부대가 자체적으로 화력지원을 할 수 있으며, 높은 각도로 포탄이 날아가기 때문에 산이 많은 우리나라 지형에 특히 적합한 무기이다."
B,개인화기,M14 소총,"M14 전투소총이다. 신뢰성이 좋았던 M1의 장점을 그대로 물려받은 자동소총이었는데, 미군의 주력 소총으로 제식화된 최초의 자동소총이기도 했다."
D,육상병기,T-72 전차,1971년 소련이 현존하는 최강의 전차를 양산하기 시작하였다는 정보가 입수되었고 미국은 대응책 마련에 부심하였다. 그로부터 20년 후인 1991년 마침내 이 전차와 미국의 전차들이 대규모로 정면충돌하는 상황이 벌어졌다.
B,개인화기,K5 권총,"K5 권총은 ‘한국인의 손에 맞는 권총을 만들자’라는 목표로 개발된 권총이다. 우리 군이 사용하던 권총은 물론, 전 세계의 권총 관련기술을 섭렵하며 각고의 노력 끝에 1989년 하반기에 개발이 완료되어,"
F,항공병기,미라주 3 전투기,"미라주 III는 주요 사용자인 이스라엘을 비롯하여 20여 개국에 공급되었는데, 오스트레일리아, 스위스, 벨기에에서 라이선스 생산되기도 하였다."
B,개인화기,FN P90,총은 외형적인 변화가 가장 더딘 무기이기도 하다. 그런데 오랜 세월 동안 총이라면 대략 이러이러한 모양이라는 고정 관념을 깬 획기적인 괴물이 1990년대에 등장하였다. 바로 FN P90)이 그 주인공이다.
D,육상병기,T-55 전차,"지상전의 왕자인 전차도 베스트셀러가 있다. 상식적으로 사상 최대의 전쟁터였던 제2차 대전 중에 무지막지하게 사용 된 독일의 4호전차, 소련의 T-34, 미국의 M4 전차 중 하나가 최대의 생산량을 보였을 것 같은데,"
B,개인화기,MP40 기관단총,살상 능력이 향상된 새로운 무기는 나타나지 않는 것이 사실 인간에게 좋다. 하지만 편리함을 추구하는 원초적인 욕구 때문에라도 기관단총은 언젠가는 반드시 나타날 무기였다.
A,무기 및 병기공학 일반,전투식량,"전쟁도 먹고 살기 위해 하는 짓이다. 만약 굶주림에 빠진다면 군인들의 사기는 땅에 떨어지게 되고, 전쟁에 질 수 밖에 없을 것이다. 이러한 군인들을 위해 개발된 특별한 먹거리가 있다. 바로 전투식량이다."
F,항공병기,해리어,제공권의 확보 없이 전쟁에서 이기기는 현실적으로 어려웠고 분명히 이 점은 아르헨티나에게 절대 유리해 보였다. 하지만 포클랜드 전쟁의 결과는 영국의 승리였다. 그들에게는 해리어(Harrier)라는 비책이 있었다.
E,해상병기,마루유 잠수정,군사 목적으로 사용하기 위한 잠수정이 1940년대에 인천에서 만들어졌다. 일본 육군이 수송 임무에 투입하였던 '3식수송잠항정 마루유(三式輸送潛航艇 まるゆ)'가 바로 그 주인공이다.
B,개인화기,리엔필드 소총,한때 세계를 지배한 나라답게 영국의 육군은 소수지만 강력하였고 최초로 전차를 만든 나라답게 훌륭한 지상군용 무기도 생산하고 사용했다. 이러한 뛰어난 지상군용 무기 중에는 일선 보병들이...
F,항공병기,MiG-21 피쉬베드,MiG-21 피쉬베드(Fishbed)는 가히 발군이라 할 수 있다. ‘가장 많이 생산 된 초음속 제트전투기’라는 사실 하나만으로도 일단 주목을 받을 만하다. 그만큼 적당한 가격에 적당한 성능을 갖추고 있다는 뜻이다.
B,개인화기,HK G36 소총,G36 이후에도 개발된 소총은 많지만 아직까지 G36을 능가하는 새로운 돌격소총이 출현했다는 소식은 없다. 처음 설명한 것처럼 훨씬 뛰어난 경쟁자가 없다면 아무리 오래 전에 개발되었어도...
D,육상병기,다연장로켓포 구룡,"신기전 화차가 등장한지 500여 년의 시간이 흐른 1978년 9월, 서해안에 위치한 국방과학연구소의 시험장에서는 다연장로켓포에서 발사된 로켓포탄이 대지를 박차고 목표물을 향해 치솟는다."
A,무기 및 병기공학 일반,근접전투,"CQB는 근접전투 또는 근접전투에 쓰이는 기술 전반을 말한다. 미 육군 특수부대 델타포스, 경찰 특공대(SWAT) 등에서 여러 가지 테러상황을 진압하기 위해 CQB를 사용한다."
F,항공병기,사브 J35 드라켄,초음속 전투기가 주역이 된 제2세대 전투기 시대에 스웨덴은 더욱 놀라운 걸작을 등장시켜 세계를 경악하게 만들었다. 초음속 델타익 전투기인 사브 J35 드라켄(Saab J35 Draken 이하 드라켄)이 바로 그 주인공이다.
B,개인화기,M1 개런드 소총,제 2차 세계 대전에서 병사 개개인이 보유한 주력 소총은 미군의 절대 우세였다. 왜냐하면 독일군의 주력 소총이 볼트액션식 Kar98k인 반면 미군은 역사상 최고의 반자동소총으로 평가 받는 M1 개런드(Garand)로 무장하고 있었기 때문이었다
F,항공병기,공중급유기,"공중급유기는 각종 군용기의 항속거리를 연장시켜 작전행동반경을 증가시키는 특수한 군용기이다. 공중의 주유소로 알려진 공중급유기는 미국, 영국, 프랑스, 독일 등 전 세계 약 30개 국가에서 운용 중에 있다."
D,육상병기,M60 패튼 전차,"미국에 다양한 전차가 있었지만, 패튼이라 불린 일련의 시리즈가 당시 미국의 전차를 대표하였다. 그 중에서 미국 최초의 MBT(Main Battle Tank)이었던 M60 패튼(Patton) 전차는 냉전의 절정기에 탄생하여 끝까지..."
A,무기 및 병기공학 일반,킬체인,"작년 말부터 계속된 북한의 위협 속에서 많은 국민들이 불안하다 못해 피로감까지 느끼게 되었다. 특히 북한이 사정거리 150km가 넘는 300mm이상 급의 방사포(다연장로켓)를 실험하고 있다는 소식까지 전해지자,"
D,육상병기,M3 곡사포,"이 전차는 자신만만했던 독일군을 경악하게 만들며 제2차 세계대전에서 종횡무진 활약하였고, 우리에게는 오래 동안 전차에 대한 트라우마를 안겨준 장본인이었다. 바로 역사상 최고의 전차 중 하나로 손꼽히는 T-34 중형전차..."
C,미사일,북한 탄도 미사일,"북한은 현재 1천 여기 이상의 각종 탄도 미사일을 보유하고 있으며, 일부 탄도 미사일의 사정거리는 한반도를 넘어 미국의 알래스카까지 도달한다."
D,육상병기,T-34 전차,"이 전차는 자신만만했던 독일군을 경악하게 만들며 제2차 세계대전에서 종횡무진 활약하였고, 우리에게는 오래 동안 전차에 대한 트라우마를 안겨준 장본인이었다. 바로 역사상 최고의 전차 중 하나로 손꼽히는 T-34 중형전차..."
D,육상병기,함포,"해군을 상징하는 무기인 함포는, 한때 거포주의라는 용어를 만들어 낼 정도로 각국의 국력을 상징하는 무기였다. 오늘날 전투함의 함재무기는 유도무기인 미사일이 중심이 되고 있지만, 여전히 함포는 높은 비중을 차지하고 있다."
B,개인화기,PPSh-41 기관단총,한국전쟁 당시에 아군은 북한군이 사용한 PPSh-41를 ‘따발총’이라 불렀다. 엄청난 연사를 가해대는 따발총은 개전 초기에 기관단총을 보유하지 못한 국군을 상대로 강한 위력을 발휘하였다.
F,항공병기,MiG-29 펄크럼,"소련도 미국에 대응하여 전투기 개발을 시작하였다. 그 결과 서방측의 베스트셀러인 F-16에 맞서는 걸작이 탄생하게 되었는데, 그것이 바로 MiG-29 펄크럼(Fulcrum)이다."
B,개인화기,M1 카빈 소총,휴대하기 편리하고 웬만큼 화력도 좋으며 가격도 비싸지 않은 새로운 보조 소총이 필요했다. 이런 시대적 요구에 따라 미군 당국은 새로운 경량 소총 개발에 나섰고 그 결과 M1 카빈(Carbine)소총이 탄생하였다.
F,항공병기,F-117A 나이트호크,"F-117A는 탄생부터 온갖 비밀 속에 이루어졌고 그 동안 많은 이야기를 만들어낸 후, 홀연히 흔적도 없이 사라진 무기사의 이단아 같다. 만일 탄생 초기에 어느 전투기 조종사가 F-117A를 하늘에서 갑자기 마주쳤다면..."
D,육상병기,M113 보병수송장갑차,"M113은 전선의 택시(Battle Taxi)라고도 불렸고, 보병들을 전투 지역까지 신속히 옮겨 싸움을 벌이고 곧바로 철수하는데 이용하였던 UH-1 헬기과 더불어 월남전을 상징하는 대표적 무기가 되었다."
F,항공병기,V-22 오스프리,V-22 오스프리는 틸트로터(Tilt Rotor)기로 불린다. 날개 양끝에 엔진을 장착시킨 프로펠러를 위 아래로 회전시켜 수직 이착륙과 고속 비행이 가능하다. 헬기와 고정익기의 장점을 모두 가졌다.
B,개인화기,ZB vz. 26 경기관총,그 중 ZB vz. 26(이하 ZB-26) 경기관총은 세계적인 명성을 얻은 체코슬로바키아산 총기의 대표적이라 할 수 있다. 수많은 전쟁에서 주역으로 맹활약하였고 이후 탄생한 후속 경기관총들의 벤치마킹 대상이 된 희대의 걸작이었다.
D,육상병기,장사정포,"북한군 장사정포란 40km 이상 사거리를 가진 북한의 야포와 방사포를 말하는 것이다. 북한의 장사정포는 서울을 비롯한 수도권 대부분의 지역을 사거리에 두고 있으며, 명령만 떨어지면 언제든지 공격할 태세를 갖추고 있다."
F,항공병기,B-36 피스메이커,핵무기 투발 수단 관련 기술이 부족하였던 소련은 B-29를 데드카피 한 Tu-4로 서서히 미국을 쫓기 시작하였다. 그러나 이미 미국은 한발자국 더 앞으로 달려가고 있었다. 그들은 사상 최초의 대륙 간 횡단 전략폭격기...
C,미사일,타우러스 미사일,"장거리 공대지 미사일은 자체 추진력과 유도장치를 갖춘 폭탄으로, 긴 사정거리와 높은 명중률을 자랑한다. 독일과 스웨덴이 공동 개발 타우러스 미사일은, 사거리가 500km 이상으로 2005년부터 독일과 스페인 공군에서 운용 중에 있다."
G,폭탄 및 핵무기,어뢰,"해상작전헬기는 적 함정과 잠수함을 탐지하고 탑재된 대함 및 대잠 무기를 이용하여, 공격까지 수행하는 특수한 헬기이다. 해군은 2013년 1월 15일 영국산 와일드캣 헬기를 해상작전헬기로 선정했다."
B,개인화기,모신나강 소총,반격에 나선 소련군은 쉬지 않고 사격을 가해 왔다. 그들의 무기는 바로 모신나강(Mosin-Nagant) 소총이었다. 그 동안 구닥다리라고 폄하하던 소련군의 소총이 모든 것이 얼어붙은 혹한에도 문제없이 불을 뿜어대자 독일군은 당황했다.
D,육상병기,M48 전차,M48은 제2차 대전 후 등장한 서방 전차 중에서 실전 투입 경험이 가장 많은 전차이기도 하다. 애초에 소련의 T계열 전차에 비하여 열세라고 평가되었지만 정작 수많은 실전에서 뛰어난 전과를 보여 주었고 경우에 따라서는...
B,개인화기,발터 P38 권총,독일군 권총 루거 P08의 유명세는 대단했다. 하지만 정작 독일군은 좋은 권총이 아니라고 결론 내렸다. 이에 따라 1938년 권총 역사에 커다란 획을 장식한 새로운 권총이 등장했다. 바로 발터 P38(Walther P38)이다.
F,항공병기,B-17 플라잉 포트리스,개전 초에 독일은 최강의 공군을 보유하였지만 중폭격기 분야는 그렇지 못하였다. 반면 연합군은 B-17 플라잉 포트리스(Flying Fortress)처럼 적 후방까지 장거리 비행이 가능한 중폭격기들을 보유 하고 있었다.
F,항공병기,와일드캣 해상작전헬기,"해상작전헬기는 적 함정과 잠수함을 탐지하고 탑재된 대함 및 대잠 무기를 이용하여, 공격까지 수행하는 특수한 헬기이다. 해군은 2013년 1월 15일 영국산 와일드캣 헬기를 해상작전헬기로 선정했다."
B,개인화기,M60 기관총,"특유의 멋진 모습 때문에 대중으로부터도 거의 일방적이라 할 만큼 엄청난 인기를 얻었고, 여기에 더해 프로페셔널들도 진정한 최강자로 인정하였던 뛰어난 전투기가 역사에 있었다. F-14 톰캣(Tomcat)이 바로 그 주인공이다."
F,항공병기,F-14 톰캣,"특유의 멋진 모습 때문에 대중으로부터도 거의 일방적이라 할 만큼 엄청난 인기를 얻었고, 여기에 더해 프로페셔널들도 진정한 최강자로 인정하였던 뛰어난 전투기가 역사에 있었다. F-14 톰캣(Tomcat)이 바로 그 주인공이다."
B,개인화기,M1918 브라우닝 자동소총,제 1차 세계대전에 참전한 미국. 처음에는 제대로 된 총기가 부족했으나 곧 뛰어난 자동화기를 전선에 등장시켰다. 바로 M1918 브라우닝 자동 소총(M1918 BAR-Browning Automatic Rifle)이다.
F,항공병기,코브라 공격헬기,"공격적이고 치명적 맹독을 지닌 파충류 코브라, 하지만 우리 군에서 코브라란 이름은 적 전차를 잡는 공격헬기로 더 유명하다. 코브라 공격헬기는 지형지물을 스치듯이 날아다니며..."
E,해상병기,CVN-65 엔터프라이즈,"2012년 12월 1일, 한 군함의 퇴역 행사가 성대하게 벌어졌다. 최초의 핵 추진 항공모함인 CVN-65 엔터프라이즈(Enterprise)이었다. 한마디로 현대 해군사에 수많은 흔적을 남긴 상징적인 항공모함이라 해도 결코 과언이 아니다."
F,항공병기,토네이도 전폭기,"토네이도(TORNADO)는 영국, 서독, 이탈리아가 공동으로 개발한 다목적 전투기이다. 미 공군의 F-15E 스트라이크 이글(Strike Eagle)에 비교되는 전투폭격기로, 지난 걸프전을 시작으로, 이후 벌어진 주요 전쟁에..."
E,해상병기,45형 데어링급 구축함,"오늘날 영국 해군은 과거의 명성에 비해 약화 되었지만, 여전히 강력한 전력을 유지하고 있다. 특히 차세대 방공 구축함인 45형 데어링(Daring)급 구축함은 영국 해군이 자랑하는 최신예 전투함이다."
B,개인화기,SKS 반자동소총,만들어 진지 얼마 되지 않았고 성능이 훌륭한데도 불구하고 더 강력한 경쟁자의 등장으로 말미암아 순식간 사라져 간 무기들도 많다. SKS 반자동소총은 시대를 잘 못 타고 태어난 가장 대표적인 무기라 할 수 있다.
F,항공병기,센추리시리즈 전투기,제2세대 전투기들이 우후죽순처럼 탄생한 1950년대는 가히 제트전투기의 백가쟁명(百家爭鳴)기라 할 수 있다. 이 당시 등장한 일련의 미 공군 제트전투기들을 흔히 센추리시리즈(Century Series)라고 부른다.
F,항공병기,C-130 허큘리스,"오늘날 대표적인 전술수송기로 손꼽히는 기종은 미국이 개발한 C-130 허큘리스(Hercules) 이다. 배치된 지 50년이 지난 C-130 수송기는 2,400여대가 생산되었으며, 전 세계 60여 개국에서 사용했거나 사용 중이다."
B,개인화기,슈타이어 AUG 돌격소총,"불펍은 급탄, 격발 행위가 개머리판에서 이루어지는 방식을 말한다. 정규군용 제식화기로써 불펍총의 역사는 1977년 탄생한 슈타이어 AUG 돌격소총(Steyr AUG Assault Rifle)을 시초로 하고 있다."
B,개인화기,HK G11 돌격소총,"보수적인 총의 세계에서 모두의 눈길을 사로잡은 혁신적인 소총이 있었다. 마치 영화 속에 등장하는 미래의 총 같았던 주인공은 헤클러 앤 코흐 G11(Heckler & Koch G11, HK G11) 돌격소총이다."
E,해상병기,랴오닝호,2012년 9월25일 중국 당·정·군 주요 인사들이 대거 랴노닝성에 집결했다. 중국 첫 항공모함인 랴오닝호 취역식에 참석하기 위해서였다. 랴오닝호의 실전 배치는 예상돼 있던 것이지만 그 시기가 전문가들의...
C,미사일,레굴루스 순항핵미사일,독일의 V-1를 참고하여 개발한 최초의 잠수함 발사 핵미사일이다. 레굴루스의 탄생으로 전략 핵잠수함 시대가 개막되었다. 이는 전략 핵무기 운용에 관한 공군의 독점 체제를 무너뜨린 사건이기도 했다.
B,개인화기,미니건,이름으로 인해 그 위력을 제대로 잘못 생각하게 만든 무기도 있다. 바로 미니건(Minigun)이다. 어감과 달리 미니건은 현존하는 가장 강력한 총이다. 능력으로 보자면 작은 대포로 해석하는 것이 맞을 정도로 강하다.
F,항공병기,프레데터,"2002년 11월 3일, 예멘의 고속도로를 달리던 차에 탄 알카에다 조직의 간부가 미사일에 맞아 사망했다. 이 작전을 수행한 것은 미 중앙정보국이 운용하던 무인공격기 MQ-1 프레데터 였다."
D,육상병기,하프트랙,제2차 세계대전 영화에서 자주 등장하는 특이한 차량이 있다. 하프트랙(Half-Track)이라 부르는 차량이다. 후륜은 무한궤도로 되어있고 전륜은 일반 차량처럼 바퀴(차륜)가 달렸다.
B,개인화기,글록 권총,방아쇠를 당겨 표적을 맞추는 것이 목적이라면 총의 모양이 어떠하든 재질이 어떠하든 제대로 작동하기만 하면 된다. 이러한 공산품의 철학으로 만들어진 권총이 있다. 그 이름도 유명한 글록 자동권총이다
F,항공병기,F-5 전투기,"냉전 시절에는 대외에 공여하거나 군소 국가들이 획득하기 쉽도록 저렴한 전투기가 요구되었고, 그렇게 미국에서 탄생한 베스트셀러 전투기가 현재 한국 공군도 사용 중인 F-5 시리즈 전투기다."
F,항공병기,치누크 수송헬기,"군용 헬기는 임무에 따라 기동헬기, 공격헬기, 수송헬기로 분류된다. 이 가운데 수송헬기는 대규모 인원이나 화물 수송 목적으로 사용되는 헬기이다. 대표적인 수송헬기로는 CH-47 치누크(Chinook) 가 있다."
B,개인화기,Kar98k 소총,"MG42나 MP40처럼 유명하지는 않지만, 전쟁 내내 독일군 일선에서 가장 많이 그리고 가장 맹렬하게 활약한 소총이 바로 Kar98k다. 한마디로 제2차 세계대전의 독일군을 대표하였던 소총이다."
D,육상병기,PzH 2000 자주포,"현재 전력화되어 운용되고 있는 자주포들 중에서, 자타가 공인하는 세계 최고의 자주포는 독일이 개발한 PzH 2000이다. PzH 2000 자주포는 종종 우리나라가 개발한 K-9 자주포의 라이벌..."
F,항공병기,A-6 인트루더,A-6은 한마디로 외모에서 인기를 끌 요소가 거의 없는 못생긴 함재기였다. 그러나 A-6은 그 진가를 알고 있는 미 해군 관계자로부터는 찬양 받는 진정한 걸작이었던 함재기였다.
B,개인화기,루거 P08 권총,제2차 세계대전 당시 유럽 전선에 투입되었던 미군들이 전리품으로 갖고 싶었던 독일군 무기라면 단연코 루거(Luger) P08 권총이었다. 외형적인 면에서 독일군을 상징할 만한 독특한 점이 있어 인기가 있었던 것이다
F,항공병기,전익기,"B-2 폭격기가 1988년 1 처음으로 모습을 보였을 때 사람들은 놀라움을 금치 못하였다. 지금까지 보아왔던 보통의 비행체들과 확연히 차이나는, 전익기(Flying Wing)였기 때문이다."
F,항공병기,F-15 이글,"항공기가 군사용으로 사용된 이후, 공중우세는 공군의 가장 우선적인 가치가 되었다. F-15 이글은 대표적인 공중우세 전투기로, 전설적인 실전 기록을 세우며 오늘날까지도 세계 최고의 전투기로 명성을 날리고 있다."
B,개인화기,리볼버,리볼버는 실린더에 탄환을 채워 연발로 사격할 수 있도록 만든 권총이다. 탄환과 장약을 미리 장전해놓았다가 필요에 따라 돌려가며 쏜다는 개념에서 리볼버가 탄생했다.
E,해상병기,윤영하급 미사일 고속함,제2연평해전 때 전사한 고 윤영하 소령 등 제2연평해전 전사자 6명의 이름을 따 명명한 미사일 고속함이다. 서해 NLL을 지키면서 여러 차례에 걸친 남북 해전의 주역인 참수리 고속정에 비해 크고 강력한 무장을 갖추고 있다.
E,해상병기,오하이오급잠수함,원자력 추진 잠수함에 잠수함발사탄도미사일을 탑재한 함정을 전략핵잠수함이라고 한다. 미 해군이 운용 중인 오하이오급 잠수함은 오늘날 전략핵잠수함을 대표하는 함정으로 알려져 있다.
B,개인화기,우지기관단총,"우지 기관단총은 이스라엘의 현역 군인 우지엘 갈(Uziel Gal)이 개발했으며, 레이건 대통령 암살 시도 사건을 계기로 일반인에게도 유명해졌다."
D,육상병기,칼 자주박격포,현존하는 그 어떠한 야포도 감히 명함을 내밀 수 없을 만큼 거대했던 박격포가 있었다. 제2차 대전 당시 독일 육군이 사용하던 칼 자주박격포가 주인공인데 구경이 600mm나 되는 상상을 초월한 괴물이었다.
D,육상병기,레오파르트 2,"오늘날 독일의 주력전차는 레오파르트 2이다. 레오파르트 2 전차는 독일의 전차 기술이 집대성된 전차로, 3천대 이상 생산되어 독일을 포함하여 전 세계 10여 개 국에서 운용 중이다."
B,개인화기,톰슨 기관단총,톰슨 기관단총은 전쟁터에서 병사들의 든든한 버팀목으로 맹활약하였던 미국의 대표적인 무기다. 하지만 그러면서도 암울한 1920년대 미국의 이면사를 상징하는 흉기이기도 했다.
F,항공병기,JAS 39 그리펜,"JAS 39 그리펜 (Gripen)이라는 이 스웨덴 전투기는, 다목적 중형(中型) 전투기로 국산 전투기를 개발하려는 많은 국가들의 멘토(Mentor) 역할을 하고 있다."
F,항공병기,A-10,"A-10은 현재까지 미군이 개발한 수많은 군용기 중에서 처음부터 CAS(Close Air Support, 근접항공지원)라는 단일 목적을 위해 개발되고 제식화된 유일한 기종이다. 하늘을 날며 지상의 적들에게 엄청난 불벼락을 퍼부어대는 무서운 공격기다."
B,개인화기,M1911 권총,"역사의 흐름을 거스르는 무기가 있다. 이른바 콜트 45(Colts .45)로 더 많이 알려진 M1911권총이다. 제식번호에서도 알 수 있듯이 탄생 100주년이 넘었는데, 놀랍게도 아직도 일선에서 애용되고 있다."
E,해상병기,키로프급 순양전함,"키로프급 순양전함(ex-Kirov Class Battlecruiser)이기 때문이었다. 지금도 한 척이 현역에서 활동 중이므로 굳이 낯설다고 할 수는 없지만 키로프급은 항공모함을 제외하면, 자타가 공인하는 현존 최강의 전투함 이다."
F,항공병기,OH-58 카이오와,"미 육군 항공기병대의 OH-58 카이오와(Kiowa) 정찰헬기는 고도의 정찰장비를 탑재하고, 전선으로 날아가 적의 중요한 표적을 탐지 및 식별한다. 또한 탑재한 무장을 이용해 지상군을 지원하기도 한다."
C,미사일,"현무-2, 현무-3 미사일",2012년 4월 19일 그동안 베일에 가려져 있었던 한국군 최고의 비밀무기 영상이 공개됐다. 신형 탄도미사일 ‘현무-2’와 신형 순항(크루즈)미사일 ‘현무-3’ 테스트 영상이 공개된 것이다.
B,개인화기,맥심 기관총,발명가 맥심은 사격 시에 발생하는 반동을 이용하면 탄환을 자동으로 재장전할 수 있을 것이라 생각하였다. 그리고 이런 작은 아이디어는 총기 역사에 획기적인 이정표를 세웠다.
C,미사일,패트리어트 미사일,"걸프전 당시 패트리어트는 음속의 6배로 비행하는 이라크의 탄도 미사일을 요격하면서, 일약 걸프전의 스타로 등극했다. 이후 패트리어트는 탄도 미사일 킬러로 알려지면서, 각국의 미사일 방어 체계에 가장 핵심적인 무기로 자리잡고 있다."
J,기타무기,화차,우리나라의 전통무기 중에는 외국에서도 주목하는 존재가 있다. 다름 아닌 거북선과 화차(火車·Hwacha)다. 거북선은 이미 1880년대부터 관심을 모아왔지만 화차는 지난 10년 사이에 갑작스럽게 국제적으로 유명해졌다.
F,항공병기,Su-27 플랭커,Su-27은 에어쇼에서 놀라운 기동을 연이어 선보여 모든 이들의 감탄을 불러 일으켰다. 그 절정은 코브라 기동을 선보였을 때였다. Su-27 플랭커의 충격적인 데뷔였다.
C,미사일,현무 미사일,"‘현무’는 1987년10월1일 국군의 날 퍼레이드에 그 위용을 드러냈다. 현무는 450~600kg의 이중목적 고폭탄 탄두를 장착하고, 100m 이내의 명중오차(CEP)를 갖고 있다."
D,육상병기,T-90 전차,"T-34 전차에서 시작된 구소련 전차의 신화는 냉전 이후 벌어진 전쟁에서, 그 빛이 바래지고 만다. 러시아는 절치부심 끝에 서방측의 최신예 전차에 맞설 신형 전차 T-90을 개발하게 된다. T-90 전차는 현재 러시아 육군의 주력 전차 중 하나다."
B,개인화기,MG42 기관총,"노르망디 상륙 작전에서 상륙한 미군들에게 가장 많은 피해를 안겨준 것은 벙커 속에서 쉴 새 없이 난사되던 독일군의 기관총, MG42(Maschinengewehr42)였다."
E,해상병기,야마토급 전함,"1945년 4월 7일, 큐슈(九州) 남서쪽 해상에서 거대한 폭발음이 울렸고 동시에 하늘과 바다가 무섭게 불타올랐다. 역사상 최대의 전함으로 자타가 공인하던 거함 야마토(大和)의 최후였다."
B,개인화기,M2 중기관총,살벌한 신무기 경쟁에서 무려 100년 가까이 사용되고 있는 스테디셀러 무기가 있다. 흔히 캘리버 50이라 불리는 M2 중기관총이 바로 그 주인공이다. 처음 세상에 선보였을 때에는 미사일이라는 단어가 존재하지도 않았다.
F,항공병기,Mi-28 하보크,"미국은 Mi-24 하인드 공격헬기를 압도하는 AH-64 아파치(Apache) 공격헬기를 개발하게 되고, 구 소련은 이에 맞서 Mi-28 하보크 공격헬기를 개발한다."
B,개인화기,StG44,"현재 어느 군대를 막론하고 돌격소총이라 불리는 소총을 기본 화기로 사용하고 있다. 그 중에서도 돌격소총의 아버지로 자타가 공인하는 명품이 있는데, 바로 제2차 대전 말기에 독일군이 사용한 StG44(Sturmgewehr44)다."
J,기타무기,글라디우스,라틴어로 ‘검(劍)’을 뜻하는 글라디우스(gladius)는 기원전 753년에서 기원후 476년까지 계속된 로마시대 동안 로마군단의 주력 무기이며 거의 모든 로마 시민들이 사용했던 검의 총칭이다.
E,해상병기,키드급 구축함,진정한 주인을 찾기까지 무려 30년을 방황한 키드(Kidd) 급 함대 방공용 다목적 구축함. 국제 관계의 변화와 무기 수출의 관계를 보여주는 대표적인 예를 할 수 있다.
J,기타무기,고려의 화약병기,최무선의 화약제조와 화통도감 설치로 고려는 화약병기를 대량 생산할 수 있는 체제를 갖추게 되었다. 이후 고려는 이를 군사 전술용으로 응용ㆍ발전시킴으로써 그 활용도를 높였다. 그 결과 고려는 세계 어느 나라에도 당당히 내세울 수...
G,폭탄 및 핵무기,AIR-2 지니,램프의 요정처럼 갑자기 솟아오르는 버섯구름은 어느덧 핵무기의 상징이 되었다. 이처럼 핵 시대가 도래 하자 새로운 핵무기들이 속속 등장하였는데 그 중에는 상식을 초월하는 것들도 있었다. AIR-2 지니(Genie)도 그러한 핵무기 중 하나였다.
F,항공병기,수리온,국내에서 처음으로 개발된 기동헬기 ‘수리온’. 한국항공우주산업(KAI)이 만든 수리온은 용맹함이 넘치는 헬리콥터라는 의미다. 수리온 개발로 우리나라는 세계 11번째 헬기 개발국 반열에 올랐다.
J,기타무기,바스타드 소드,1422년 벌어진 벨린초나 전투 당시 스위스 용병들은 베기와 찌르기가 동시에 가능하고 양손 검과 한손 검의 장점을 모두 갖춘 새로운 개념의 검을 사용해 전투에서 승리했다. 바로 바스타드 소드다.
D,육상병기,메르카바 전차,"이스라엘은 자국의 전장 환경에 맞는 독특한 무기들을 독자 개발했다. 이를 대표하는 무기로 메르카바 전차가 있다. 이스라엘 육군의 주력 전차인 메르카바는, 전차의 고정 관념을 바꾼 독특한 형상의 전차이다."
F,항공병기,F-4 팬텀,"1960년대 미국 공군, 해군, 해병대가 함께 사용했던 전투기가 있었다. 바로 불멸의 도깨비 F-4 팬텀 II(Phantom II)다. 1969년에 국내에 도입, 40년 넘게 영공을 지켰다."
J,기타무기,하이랜더의 클레이모어,"클레이모어는 15세기에서 18세기까지 스코틀랜드의 전사, 하이랜더들이 사용한 양손 검의 이름이다. 스코틀랜드 역사에서 양손으로 클레이모어를 휘두르는 전사, 하이랜더는 무적이었고 적들에게는 공포 그 자체였다."
F,항공병기,B-29 슈퍼포트리스,미국이 적의 요격을 물리치고 안전하게 장거리를 날아가 거대한 핵폭탄을 일본 본토에 투하하는 수단을 찾았을 때 오히려 크게 고민할 필요가 없었다. 왜냐하면 이후 B-29 슈퍼 포트리스가 있었기 때문이었다.
F,항공병기,미그-25 폭스배트,"1967년 7월, 소련의 신형 전투기가 처음 모습을 드러내었는데, 외관에서 풍기는 강력함이 기존 전투기와 차원이 다를 만큼 인상적이었다. 바로 MiG-25 폭스배트(Foxbat)의 역사적인 등장이었다."
F,항공병기,Mi-24 하인드 공격헬기,"Mi-24 하인드 공격헬기의 진가가 발휘된 것은, 1979년 구 소련의 아프간 침공이다. 아프간 작전 초기 Mi-24 하인드 공격헬기의 위력에 무자헤딘 게릴라들은 이를 ‘사탄의 마차’로 부르며 두려워했다."
B,개인화기,돌격소총,"기관총은 너무 무거웠고, 기존의 소총은 연사력이 부족했고, 기관단총은 사거리가 부족했다. 결국 연발사격능력과 사정거리의 한계를 절충할 수 있는 보병의 개인화기가 필요했다. 돌격소총이 등장한 배경이다."
C,미사일,토우 대전차 미사일,"대전차 미사일 은 오늘날 전차들이 가장 두려워하는 대전차 화기이다. 높은 정확도와 강력한 관통력은 단 한발의 미사일로도 전차를 파괴시킬 수 있다. 대전차 미사일 가운데 가장 대표적인 미사일은, 미국이 개발한 토우 대전차 미사일 이다."
D,육상병기,챌린저2 전차,"챌린저 2 전차는 전차 장갑은 제2세대 초밤장갑이 장착되어 방어력이 한층 강화되었고, 적외선과 레이더 등의 탐지율을 저하시키는 스텔스 설계가 도입되었다."
D,육상병기,상륙돌격장갑차,"상륙돌격장갑차는 바다에서 해병대원을 태우고, 적이 점령하고 있는 해안가로 상륙하는 수륙양용장갑차이다. 대표적인 상륙돌격장갑차로는 미국이 개발한 AAV-7A1이 있다."
E,해상병기,독도함,"독도함은 아시아 최대의 상륙함이다. 헬기 7대를 비롯, 전차 6대, 상륙돌격장갑차 7대, 트럭 10대, 야포 3문, 공기부양 고속상륙정(LSF) 2척, 상륙병력 700명을 태울 수 있다."
F,항공병기,F-35 라이트닝 II,"1993년 미 국방부는 결국 3군의 각종 전투기를 통합하는 전투기를 개발하기로 결정했다. 개발 과정에서 X-32, X-35 2종의 기체가 경쟁하여 X-35가 승리하였고, 이를 발전시켜 3군 통합 전투기인 F-35 전투기가 탄생하게 된다."
F,항공병기,KT-1 웅비,"1981년 1월 1일, 진해 해군기지에서는 최초의 국산 호위함 울산함의 취역식이 거행된다. 당시 해군은 미국에서 공여된 구축함을 들여와 주력 전투함으로 사용하였다. 그러나 이 날 선보인 울산함은 우리 손으로"
E,해상병기,울산급 호위함,"1981년 1월 1일, 진해 해군기지에서는 최초의 국산 호위함 울산함의 취역식이 거행된다. 당시 해군은 미국에서 공여된 구축함을 들여와 주력 전투함으로 사용하였다. 그러나 이 날 선보인 울산함은 우리 손으로 만든"
D,육상병기,천궁,"최근 중거리 지대공유도무기 ‘천궁’이 개발됐다. 천궁은 미사일, 발사대, 교전통제소, 레이더로 이뤄져 있는데, 이들이 모두 잘 어우러져야 한다. 천궁에 사용된 핵심 기술과 시험 과정, 천궁 개발의 의미를 살펴본다."
E,해상병기,경항공모함,경항공모함은 배수량 9만톤이 넘는 미국의 니미츠급 대형 항공모함은 물론 4만~6만톤급 중형 항공모함보다 작다. 보통 배수량 1만~2만5000톤급 안팎의 항공모함을 경항공모함이라 부른다.
D,육상병기,T-80U 전차,"불곰사업으로 우리나라에 도입된 T-80U 전차는, ‘적성장비’ 즉 적의 무기체계를 연구하기 위해 들여온 교육용 전차였다. 그러나 육군은 이후 T-80U 전차를 정식장비로 채택했고, 지금은 일선부대에서 전투용으로 사용 중이다."
F,항공병기,AC-130 건십,"AC-130 건십(Gunship)은 중무장 지상 공격기로, 하늘의 전함 혹은 죽음의 천사로도 불린다. 강력한 화력과 긴 체공시간은, 다른 공격기들에게서 볼 수 없는 AC-130 건십만의 장점이다."
E,해상병기,아크 로열,아크 로열은 영국의 인빈서블(Invincible)급 경항공모함 3척 중 마지막으로 건조된 배다. 1985년 취역해 1990년대 말 코소보 내전과 2003년 이라크 전쟁 등에 참전했고 2011년3월 퇴역했다. 퇴역후 경매에 붙여져 화제가 되었다.
B,개인화기,기관단총,"기관단총은 영어로 Sub-Machine Gun이라고 부르는데, 기관총과 비슷한 구조이지만 조금 더 작은 총을 뜻한다. 기관총처럼 기계장치에 의해 연발발사가 가능하지만 매우 작고 간편하게 사용할 수 있는 총을 말한다."
J,기타무기,편전,"편전을 쏠 때는 대나무를 반으로 쪼갠 통아(桶兒)에 화살을 넣어서 쏘아야 한다. 즉, 편전이란 반으로 쪼갠 대나무 통에 넣어서 쏘는 매우 짧은 특수한 화살 내지 그런 화살을 사용한 사격법을 뜻하는 용어라고 할 수 있다."
E,해상병기,아이오와급 전함,"아이오와급 전함은 제2차 세계대전 말기에 건조된 전함이다. 이들은 레이테만 해전 등에 참가하는 등 세계대전 중 맹활약을 펼친다. 특히 미주리호는, 1945년 9월 2일 이루어진 일본의 항복문서조인식 장소로 역사에 이름을 남긴 전함이 되었다."
F,항공병기,F/A-18E/F 슈퍼 호넷,"F/A-18E/F 슈퍼 호넷 은 21세기 미 해군 항공대의 핵심 공격전력으로 등장한 전투기이다. 슈퍼 호넷은 2002년 11월, 최초로 실전에 데뷔했다. 제2차 걸프전에서는 지상군에 대한 근접항공지원 및 적 방공망제압 임무를 수행하기도 했다."
F,항공병기,AH-1Z 바이퍼,"미 해병대는 운용중인 AH-1W 슈퍼 코브라 공격헬기를 한층 업그레이드시켜, 미 육군의 아파치와 대등한 성능을 가진 AH-1Z 바이퍼 공격헬기를 운용 할 예정이다."
F,항공병기,P-3C,P-3C는 흔히 잠수함을 잡는 ‘잠수함 킬러’로 알려져 있다. 하지만 임무와 능력은 잠수함을 잡는 데 국한되지 않는다. 작전해역에 대한 광역 초계와 대수상함전은 물론 조기경보와 정보수집 임무도 수행할 수 있다.
D,육상병기,M-109 자주포,"M-109 자주포(M-109 Howitzer)는 1960년대 초 실전 배치 이후, 1만여 대가 생산되었다. 특히 냉전시절 서방세계 국가들을 중심으로 운용되어, 서방세계의 표준 자주포라는 별칭을 가지고 있다."
F,항공병기,피스아이,"공중조기경보통제기는 고성능 레이더로 원거리에서 비행하는 적 항공기를 포착해 지상기지에 보고하고, 아군의 전투기를 지휘 통제하는 항공기이다. 이 때문에 공중의 전투지휘사령부라는 별칭을 갖고 있다."
J,기타무기,조총,"임진왜란 중 노획한 일본 조총을 모방해 국내 제조에 성공하면서, 대량 보급의 길이 열렸다. 이후 조총은 그 어떤 무기보다 더 많이 조선군에 보급된다. 조총은 조선 후기의 대표무기였던 것이다."
B,개인화기,M16 소총,한눈에 봐도 장난감 같은 총이 있다. 총 전체가 플라스틱으로 감싸여 있고 무게는 3kg에도 이르지 않는다. 반동도 약해서 소년이 쏠 수 있을 정도지만 그 겉모습에 속아서는 안 된다. 이 총기가 경량자동소총의 기준을 새로 만든 M16 소총이다.
F,항공병기,F-16 파이팅팰콘,"현역으로 활동하고 있는 전투기 가운데는, F-16 전투기 가 단연 베스트셀러 전투기로 꼽힌다. F-16 전투기는 4천 4백여 대가 생산되었다. 또한 개발국인 미국을 포함하여, 전 세계 25개국에서 운용 중에 있다."
F,항공병기,T-50,"2011년 5월 25일 저녁, 오랫동안 학수고대하던 소식이 인도네시아로부터 전해졌다. 첫 국산 초음속 고등훈련기인 T-50 의 인도네시아 수출 계약이 체결됐다는 소식이었다. 세계에서 6번째 초음속 항공기 수출국이 된 것이었다."
B,개인화기,AK-47,역사를 바꾸는 총은 무엇일까? 다양한 의견들이 있겠지만 현재에도 역사를 바꾸고 있는 소총이 하나 있다. 바로 AK-47이다. 1947년 등장한 AK-47 소총은 60년이 넘은 지금까지 전 세계에서 꾸준히 사용되고 있다.
D,육상병기,K-1/K-1A1 전차,"수량 면에서 북한군 전차는 여전히 우리 군을 압도하고 있다. 그러나 질적인 면에서는, 더 이상 우리 군의 상대가 되지 못한다. 우리 군에게는 한반도 최강의 전차인 K-1과 K-1A1 전차가 있기 때문이다."
F,항공병기,타이거공격헬기,"미국의 아파치와 코브라가 독주하고 있는 공격헬기 세계에, 새로운 경쟁자가 출현했다. 프랑스와 독일이 공동 개발한 타이거 공격헬기(유로콥터 타이거)가 그 주인공이다."
E,해상병기,연안전투함,"2002년 미해군은 기존의 호위함을 대체하면서, 연안의 비대칭 위협에 대항할 새로운 군함의 개발에 착수한다. 그 새로운 군함이 연안전투함(LCS, Littoral Combat Ship)이다."
B,개인화기,샷건,"샷건, 즉 산탄총이란 탄환이 흩어지도록 발사하는 총기를 말한다. 보통 총이란 정확히 목표물에 명중해야 하는 것이 본래 역할인데 왜 흩어지는 것일까? 그 이유를 알아보기 위해서는 총기의 역사를 살짝 훑어볼 필요가 있다."
J,기타무기,거북선,거북선은 지붕 혹은 덮개 역할을 하는 개판(蓋版)이 갑판의 윗부분을 덮고 있는 특수한 구조를 가진 군함이다. 그 덕택에 전투요원들이 적의 공격에 노출되지 않고 내부에서 안전하게 임무를 수행할 수 있었다. 거북선은 두꺼운 개판과 개판 위에 설치한 뾰족한 철침으로 적이 뛰어...
D,육상병기,스트라이커 장갑차,스트라이커 여단은 미육군이 유사시 분쟁지역에 신속하게 파견해 전쟁 임무를 수행할 수 있도록 신설한 일종의 신속기동여단이다. 이 부대의 가장 큰 특징은 스트라이커 장갑차이다.
E,해상병기,타이푼급 원자력잠수함,"타이푼급은 냉전 시절 나토에서 ‘태풍’과 같은 위력과 규모를 가졌다고 해서 붙인 별명으로, 구소련에선 ‘아쿨라(Akula)’급 또는 ‘프로젝트(Project) 941’급으로 불렸다."
C,미사일,토마호크 순항미사일,지난 1991년 걸프전을 시작으로 토마호크 순항미사일은 미국의 군사개입을 알리는 신호탄 역할을 하고 있다. 2011년 리비아 공습에서도 첫날 124발의 토마호크 순항미사일이 발사되어 전쟁의 시작을 알렸다.
F,항공병기,B-2 스피릿,B-2 폭격기는 레이더에 잡히지 않는 스텔스 폭격기로 유명하다. 스텔스 폭격기는 적 방공방을 몰래 뜷고 들어가 적의 중요 시설물에 폭탄을 투하할 수 있는 능력을 갖춘 폭격기를 말한다.
F,항공병기,유로파이터 타이푼,유로파이터 타이푼 전투기의 성능상 가장 큰 특징은 뛰어난 공중전 능력이다. 구소련의 차세대 전투기인 Su-35/37에 대응하고자 근접교전과 가시거리 밖 교전 능력에 특화된 능력을 가지고 있다. 제한적인 스텔스 성능도 갖추고 있다.
A,무기 및 병기공학 일반,특수부대의 장비,정규적인 군 병력을 활용할 수 없는 상황에 수행하는 작전이 특수작전에 해당한다. 한마디로 정규병력이 준비되어 있지 않은 일이나 정규병력으로 하기 어려운 일을 하는 것이 특수작전이다.
B,개인화기,RPG-7,RPG-7 대전차 로켓포는 값싸고 튼튼하며 쓰기 쉬워 정규군과 비정규군 모두에게 사랑받는 유일무이한 대전차 화기이다. RPG-7 대전차 로켓은 다윗과 골리앗의 싸움과 같이 예상외의 결과를 만들어 내기도 했다.
A,무기 및 병기공학 일반,한국군 특수부대,‘훈련기간 중 '지옥주'로 불리는 기간에는 무려 138시간 동안 잠을 한숨도 못 잔 채 고무보트 조정훈련·갯벌훈련·구보 등을 쉴 새 없이 해야 한다. 식사도 무게 85㎏의 고무보트를 머리에 이고 해야 한다.
J,기타무기,각궁,조선시대 각궁은 바로 합성궁-만궁-단궁에 해당하는 활로 강한 탄성과 복원력을 지니고 있으면서 길이가 짧은 것이 특징이다. 합성궁은 특히 길이가 짧아서 휴대하기가 편하므로 말 위에서 기병들이 쏘는 활로 매우 적합하다.
D,육상병기,HMMWV 험비,"미군하면 떠오르는 가장 대표적인 이미지는 바로 험상궂게 생긴 커다란 자동차, 험비일 것이다. 1991년 걸프전이 CNN을 통해 생중계되면서 험비는 미군의 상징처럼 되어 버렸다."
C,미사일,스커드미사일,"스커드 탄도 미사일은 크게는 이란-이라크 전쟁, 아프가니스탄전, 걸프전에서 사용되었다. 또한 작게는 예멘내전 그리고 러시아의 체첸내전에 이르기까지 그야 말로 크고 작은 전쟁에서 가장 많이 사용된 탄도 미사일이라는 불명예를 가지고 있다."
F,항공병기,B-52 폭격기,이런 폭격기의 역사에 가장 큰 방점을 찍은 것이 바로 미 공군의 B-52이다. 1952년 초도비행을 한 이후에 거의 60년 가량 비행해오고 있기 때문이다. 생산된 대수만 해도 744대에 이른다.
F,항공병기,SR-71과 U-2,‘역사상 가장 빠른 제트기’ ‘ 총탄보다 빠른 마하 3의 정찰기’ 기체가 온통 검은색이어서 ‘블랙 버드(Black Bird)’라는 별명을 갖고 있는 SR-71은 1950년대 개발됐고 이제는 퇴역한 항공기이지만
B,개인화기,따발총과 M1개런드,‘따발총’의 보유 비율이 높지 않았음에도 주력 소총보다 더 널리 알려진 이유는 그만큼 무척이나 인상적인 무기였기 때문이다. 당시는 물론이고 현재도 PPSh-41처럼 탄창에 무려 71발의 총알이 들어가는 소총이나 기관단총은 흔하지 않다.
G,폭탄 및 핵무기,스마트폭탄,바보가 한 순간에 천재가 된다? 상상하기 힘든 일이지만 지금부터 소개할 스마트폭탄의 세계에서는 가능한 일이다. 일반적인 범용폭탄에 몇 가지 유도키트만 달아주면 폭탄은 그야 말로 바보에서 천재가 되어 정확하게 목표를 타격한다.
D,육상병기,다연장로켓포,다연장로켓포는 다수의 로켓탄을 한꺼번에 발사하여 넓은 지역을 단번에 초토화 할 수 있는 가공할 만한 무기이다. 세계 최초로 발명된 다연장 로켓 무기는 바로 우리가 조선시대에 개발한 신기전이었다.
A,무기 및 병기공학 일반,對화력전,대화력전이란 적의 화력지원수단과 이를 지휘통제하는 모든 요소를 무력화시킴으로써 적의 화력지원 능력과 전투지속 능력 및 전의를 약화시키는 화력전투를 말한다. 한 마디로 말해 적의 포병과 아군의 포병 간에 숨 막히는 진검승부이다.
J,기타무기,판옥선과 세키부네,"이순신 장군은 탁월했던 군인이었지만, 아무리 뛰어난 영웅이라할지라도 맨손으로 싸울 수는 없는 법이다. 그의 능력을 물질적으로 뒷받침했던 존재 중에 하나가 바로 판옥선(板屋船)이었다."
A,무기 및 병기공학 일반,방탄조끼,방탄조끼는 그야말로 갑옷의 현대판이다. 막는 대상이 적의 화살이나 창검 대신에 적군 소총의 탄환이나 폭탄의 파편으로 바뀌었을 뿐이다. 여기서 한 가지 놀라운 사실은 세계최초의 실전 배치된 방탄조끼는 조선에서 만들어졌다는 것이다.
F,항공병기,F-15K 슬램이글,F-15K는 이처럼 뛰어난 ’눈‘과 강력한 ’펀치‘를 갖고 있으면서 움직일 수 있는 범위도 넓다.  전투행동반경은 1800km로 독도는 물론 한반도 전역을 커버할 수 있다.
D,육상병기,장갑차,"세월이 흘러 2차 세계대전 때의 장갑차는 전차와 함께 전쟁의 판도를 바꾸어 놓았다. 빠른 속도로 유럽을 유린한 독일군의 전격전을 가능하게 한 것은, 전차뿐만 아니라 장갑차의 힘도 컸다."
C,미사일,대함미사일,"스틱스의 놀라운 전과 이후 세계 각국은 대함 미사일을 앞다퉈 개발해 다양한 대함 미사일이 등장했다. 그중 대표적인 것으로 미국의 하푼, 러시아의 3M80 선번, 프랑스의 엑조세 등을 들 수 있다."
B,개인화기,저격총,저격소총은 1MOA이하의 정확성을 요구하게 된다. 여기서 1MOA라고 하면 보통 100야드에서 1인치 내에 탄환이 맞는 것을 의미한다. 센티로 환산하면 100m에서 2.9cm에 해당한다.
A,무기 및 병기공학 일반,저격수,"우수한 사수를 보통 군대에서는 특등사수라고 부른다. 그런데 이런 특등사수들 가운데 더욱 고도로 훈련된 사격의 달인들이 있으니, 바로 저격수이다."
J,기타무기,비살상무기,"비살상무기란 재래식 무기에 비하여 사람을 살상할 가능성이 낮거나 없는 무기를 말한다. 비살상무기가 가장 많이 쓰이는 것은 바로 경찰, 그 중에서도 시위진압의 영역이다."
A,무기 및 병기공학 일반,동북아 잠수함 전력,"한반도를 둘러싸고 있는 중국, 일본, 러시아의 보이지 않는 전쟁, 잠수함 전력에 대해서 알아본다. 각국의 주요 잠수함과 특징은 어떠할까?"
E,해상병기,해군 장보고급 잠수함,잠수함은 줄 베르느의 소설 [해저 2만리]를 현실로 만든 무기다. 각종 첨단무기가 발달한 현대에 있어서도 잠수함은 가장 발견하기 힘든 무기로 꼽힐 정도로 은밀성이 가장 큰 강점이다.
D,육상병기,K-9 자주포,많은 국가들이 자주포의 개발 및 배치에 인색하지 않다.자주포가 뛰어난 기동성 및 생존성을 보유하여 지상군의 전력상 우위를 보장하는 유효한 수단이기 때문이다.
E,해상병기,니미츠급 항공모함,니미츠급 항공모함은 ‘움직이는 바다 위의 도시’ 또는 ‘바다 위의 비행기지’라 불린다. 1척에 탑재되는 항공기 전력도 웬만한 소국의 공군력과 맞먹는다.
F,항공병기,아파치,지상의 대공무기로부터 충분한 거리를 유지하면서도 막강한 기갑전력을 격파할 수 있는 ‘원거리 타격의 탱크킬러’ 개념에서 개발된 공격헬기. 아파치 롱보우로 개선되었다.
E,해상병기,세종대왕함,"이지스함은강력한 레이더로 적 항공기나 미사일을 장거리에서 발견하고 요격할 수 있는 현대전의 총아로, ‘꿈의 함정’이라 불린다. 우리나라 최초의 이지스함, 세종대왕함에 대해 알아보자."
A,무기 및 병기공학 일반,미래 보병체계,미래 보병 체계란 미래의 보병이 휴대할 ‘디지털 군장’이다. 이런 디지털 군장을 착용함으로써 미래 병사는 네트워크 중심전을 수행하는 요소로 포함된다.
D,육상병기,흑표,"3.5세대 가운데서도 가장 최신 기술을 적용해 만든 것으로 평가받는 것이 한국군의 차기 전차 K-2 ‘흑표’다. 흑표는 2007년 3월 시제 전차 3대가 처음으로 공개된 뒤 시험평가를 계속해 왔으며, 2011년 실전 배치를 목표로 양산을 앞두고 있다."
F,항공병기,5세대 전투기,스텔스 전투기나 폭격기를 가진 나라는 마음만 먹으면 어느 나라의 국가지휘망이라도 붕괴시킬 수 있게 되었다. 이제 스텔스 기술은 발달을 거듭하여 F-22 같은 진정한 스텔스 전투기를 탄생시키기에 이르렀다.
B,개인화기,K 시리즈 소총,"전쟁에서 핵심이 되는 보병에게 생명이자 가장 귀중한 친구는 무엇일까? 물론 소총이다. 한국군 K 시리즈 소총인 K1A기관단총, K2 소총에 대해서 알아보고, 차세대 소총으로 개발된 K11에 대해서 알아본다."
F,항공병기,무인전투기,사람이 직접 조종하지 않고도 공대공 또는 공대지 전투 임무를 수행하는 첨단 무인항공기.
,,,
,,,
,,,
,,A,무기 및 병기공학 일반
,,B,개인화기
,,C,미사일
,,D,육상병기
,,E,해상병기
,,F,항공병기
,,G,폭탄 및 핵무기
,,H,생화학무기
,,I,우주무기
,,J,기타무기